OBJECTID,Neighbourhood,Hood_ID,F2020_Population_Projection,Assault_2014,Assault_2015,Assault_2016,Assault_2017,Assault_2018,Assault_2019,Assault_2020,Assault_Rate2014,Assault_Rate2015,Assault_Rate2016,Assault_Rate2017,Assault_Rate2018,Assault_Rate2019,Assault_Rate2020,AutoTheft_2014,AutoTheft_2015,AutoTheft_2016,AutoTheft_2017,AutoTheft_2018,AutoTheft_2019,AutoTheft_2020,AutoTheft_Rate2014,AutoTheft_Rate2015,AutoTheft_Rate2016,AutoTheft_Rate2017,AutoTheft_Rate2018,AutoTheft_Rate2019,AutoTheft_Rate2020,BreakAndEnter_2014,BreakAndEnter_2015,BreakAndEnter_2016,BreakAndEnter_2017,BreakAndEnter_2018,BreakAndEnter_2019,BreakAndEnter_2020,BreakAndEnter_Rate2014,BreakAndEnter_Rate2015,BreakAndEnter_Rate2016,BreakAndEnter_Rate2017,BreakAndEnter_Rate2018,BreakAndEnter_Rate2019,BreakAndEnter_Rate2020,Robbery_2014,Robbery_2015,Robbery_2016,Robbery_2017,Robbery_2018,Robbery_2019,Robbery_2020,Robbery_Rate2014,RobberyRate_2015,Robbery_Rate2016,Robbery_Rate2017,Robbery_Rate2018,Robbery_Rate2019,Robbery_Rate2020,TheftOver_2014,TheftOver_2015,TheftOver_2016,TheftOver_2017,TheftOver_2018,TheftOver_2019,TheftOver_2020,TheftOver_Rate2014,TheftOver_Rate2015,TheftOver_Rate2016,TheftOver_Rate2017,TheftOver_Rate2018,TheftOver_Rate2019,TheftOver_Rate2020,Homicide_2014,Homicide_2015,Homicide_2016,Homicide_2017,Homicide_2018,Homicide_2019,Homicide_2020,Homicide_Rate2014,Homicide_Rate2015,Homicide_Rate2016,Homicide_Rate2017,Homicide_Rate2018,Homicide_Rate2019,Homicide_Rate2020,Shootings_2014,Shootings_2015,Shootings_2016,Shootings_2017,Shootings_2018,Shootings_2019,Shootings_2020,Shooting_Rate2014,Shootings_Rate2015,Shootings_Rate2016,Shootings_Rate2017,Shootings_Rate2018,Shootings_Rate2019,Shootings_Rate2020,Shape__Area,Shape__Length
1,Yonge-St.Clair,097,14083,16,25,34,25,28,35,23,127.0144,196.1246,262.5482,189.179,207.2846,253.8071,163.3175,2,3,7,2,6,6,9,15.8768,23.53495,54.05405,15.13432,44.41812,43.50979,63.90684,37,20,12,18,24,28,26,293.7207,156.8997,92.66409,136.2088,177.6725,203.0457,184.6198,4,1,6,1,1,4,5,31.75359,7.844983,46.33205,7.567159,7.40302,29.00653,35.5038,3,5,7,0,3,6,3,23.81519,39.22491,54.05405,0,22.20906,43.50979,21.30228,0,0,0,0,0,0,0,0,0,0,0,0,0,0,0,0,1,0,0,0,0,0,0,0.7722008,0,0,0,0,1161314.75244141,5873.27050652613
2,York University Heights,027,30277,273,298,363,351,362,382,341,950.5571,1041.485,1269.32,1211.097,1230.33,1279.861,1126.267,106,100,106,89,91,147,184,369.0808,349.4915,370.6553,307.0872,309.2819,492.5118,607.722,108,140,98,105,122,111,105,376.0446,489.2881,342.6813,362.2938,414.6416,371.8967,346.7979,58,85,70,76,94,84,47,201.9499,297.0678,244.7724,262.2317,319.478,281.4353,155.2334,30,46,38,40,38,31,43,104.4568,160.7661,132.8764,138.0167,129.1507,103.863,142.022,1,0,2,0,1,0,1,0.348189415041783,0,0.6993496,0,0,0,0.3302837,2,0,4,10,8,6,12,0.6963788,0,1.398699,3.450418,2.718961,2.010252,3.963405,13246655.9714355,18504.7776156274
3,Lansing-Westgate,038,18146,42,81,67,84,68,70,97,261.0966,494.6263,400.6698,492.5531,390.1543,393.5901,534.553,17,22,26,26,16,30,44,105.682,134.3429,155.4838,152.4569,91.80102,168.6815,242.4777,34,27,41,42,50,39,39,211.3639,164.8754,245.186,246.2765,286.8782,219.2859,214.9234,12,6,6,14,32,12,11,74.59903,36.63898,35.88087,82.09218,183.602,67.47259,60.61942,4,5,5,11,6,10,9,24.86634,30.53249,29.90073,64.501,34.42538,56.22716,49.59771,0,0,0,0,10,0,0,0,0,0,0,0,0,0,0,0,1,0,1,2,1,0,0,0.5980146,0,0.5737564,1.124543,0.5510857,5346185.87353516,11112.1094187908
4,Yorkdale-Glen Park,031,17560,106,137,175,163,178,210,156,697.5061,902.0279,1149.199,1031.841,1086.558,1237.405,888.3827,63,53,41,54,64,64,87,414.5555,348.9597,269.2409,341.8371,390.6727,377.1139,495.4442,51,57,66,62,67,90,81,335.5926,375.2963,433.4121,392.4796,408.9855,530.3164,461.2756,23,21,24,34,47,42,40,151.3457,138.2671,157.6044,215.2307,286.9003,247.481,227.7904,23,15,26,23,20,30,18,151.3457,98.76218,170.7381,145.5973,122.0852,176.7721,102.5057,1,1,1,1,2,1,1,0.658024610120418,0.6584145,0.6566851,0.6330316,0.6104261,0.5892405,0.5694761,3,3,3,7,10,17,14,1.974074,1.975244,1.970055,4.431221,6.104261,10.01709,7.972665,6038325.94311523,10079.4268374564
5,Stonegate-Queensway,016,27410,91,74,78,98,86,83,104,354.9696,288.1732,302.5249,374.5318,323.2961,307.3277,379.4236,37,32,14,33,31,35,45,144.3283,124.6154,54.29934,126.1179,116.537,129.596,164.1737,70,45,49,50,39,64,35,273.0535,175.2405,190.0477,191.0877,146.611,236.9756,127.6906,17,10,13,25,26,24,20,66.313,38.94233,50.42082,95.54384,97.74068,88.86585,72.96607,8,8,4,6,8,4,5,31.20612,31.15386,15.5141,22.93052,30.07406,14.81098,18.24152,0,0,0,0,0,0,0,0,0,0,0,0,0,0,3,2,0,1,1,1,0,1.170229,0.7788465,0,0.3821754,0.3759257,0.3702744,0,7946201.71362305,11853.1898033065
6,Tam O'Shanter-Sullivan,118,29970,103,88,100,120,131,108,131,364.7955,312.256,354.1829,418.8336,450.2802,365.6431,437.1038,22,19,21,16,30,24,37,77.91748,67.41892,74.37841,55.84447,103.1176,81.25402,123.4568,49,68,62,54,77,67,54,173.5435,241.2888,219.5934,188.4751,264.6685,226.8341,180.1802,27,37,24,27,17,31,18,95.626,131.2895,85.0039,94.23755,58.4333,104.9531,60.06006,4,7,8,8,3,3,2,14.16681,24.83855,28.33463,27.92224,10.31176,10.15675,6.67334,0,1,0,0,1,2,1,0,0.3548364,0,0,0.6874506,0.6771168,0.333667,0,3,2,2,4,2,2,0,1.064509,0.7083658,0.6980559,1.374901,0.6771168,0.667334,5422344.64331055,10750.4682895881
7,The Beaches,063,23364,88,106,81,114,99,82,84,399.2922,479.9203,364.717,506.5991,434.3629,355.1628,359.5275,8,23,7,11,29,21,23,36.29929,104.1337,31.51875,48.88237,127.2376,90.95634,98.44205,45,42,77,34,43,58,66,204.1835,190.1571,346.7063,151.091,188.6627,251.2128,282.4859,18,12,19,48,13,17,6,81.6734,54.3306,85.5509,213.3049,57.03756,73.63132,25.68053,8,5,3,8,6,9,10,36.29929,22.63775,13.50804,35.55082,26.32503,38.98129,42.80089,0,0,0,0,0,0,0,0,0,0,0,0,0,0,0,0,0,0,0,2,0,0,0,0,0,0,0.8662509,0,3595829.08642578,11275.1812840093
8,Thistletown-Beaumond Heights,003,10948,61,56,46,56,53,75,56,576.4506,527.2077,430.873,521.3667,490.1961,688.642,511.5089,10,14,15,22,44,51,43,94.50009,131.8019,140.5021,204.8226,406.9552,468.2766,392.7658,22,23,23,17,16,14,10,207.9002,216.5317,215.4365,158.272,147.9837,128.5465,91.34088,19,23,15,23,11,10,9,179.5502,216.5317,140.5021,214.1328,101.7388,91.81893,82.20679,1,3,1,4,2,3,5,9.450009,28.24327,9.366804,37.24048,18.49796,27.54568,45.67044,0,0,0,0,2,0,0,0,0,0,0,0,0,0,0,1,2,2,1,3,1,0,0.9414423,1.873361,1.862024,0.9248983,2.754568,0.9134088,3339481.015625,10828.4442694002
9,Thorncliffe Park,055,23518,86,104,88,98,94,119,94,409.5238,486.3904,403.4846,441.4812,415.1943,516.0898,399.6938,12,11,4,9,12,15,20,57.14286,51.44514,18.34021,40.54419,53.00353,65.05334,85.04124,34,27,24,19,24,28,41,161.9048,126.2744,110.0413,85.5933,106.0071,121.4329,174.3345,16,7,15,9,4,13,5,76.19048,32.73782,68.77579,40.54419,17.66784,56.37957,21.26031,9,6,11,9,4,5,3,42.85714,28.06099,50.43558,40.54419,17.66784,21.68445,12.75619,3,2,1,4,0,0,2,1.42857142857143,0.9353662,0.4585053,1.801964,0,0,0.8504124,1,2,1,2,3,8,9,0.4761905,0.9353662,0.4585053,0.9009821,1.325088,3.469512,3.826856,3126553.82421875,7502.70932015893
10,Danforth East York,059,18427,68,55,41,78,79,85,56,387.9286,312.2516,231.4031,436.0221,436.8503,465.5493,303.9019,6,8,12,9,13,9,16,34.22899,45.41842,67.72774,50.31025,71.88675,49.29346,86.82911,31,24,42,25,18,24,33,176.8498,136.2552,237.0471,139.7507,99.5355,131.4492,179.085,2,7,4,8,10,8,9,11.40966,39.74112,22.57591,44.72022,55.2975,43.81641,48.84137,1,3,4,0,3,8,5,5.704832,17.03191,22.57591,0,16.58925,43.81641,27.1341,0,0,0,0,0,0,1,0,0,0,0,0,0,0.5426819,0,0,0,2,0,1,0,0,0,0,1.118006,0,0.5477051,0,2188597.65380859,7623.8578029557
11,Humewood-Cedarvale,106,15854,34,47,51,39,44,45,42,230.1029,317.5247,343.1109,258.2097,286.477,288.2767,264.9174,10,5,17,21,22,16,23,67.67731,33.77922,114.3703,139.036,143.2385,102.4984,145.0738,30,39,26,39,34,28,49,203.0319,263.4779,174.9193,258.2097,221.3686,179.3722,309.0703,8,10,6,7,4,10,6,54.14185,67.55844,40.36599,46.34534,26.04336,64.0615,37.84534,3,3,5,5,6,3,6,20.30319,20.26753,33.63832,33.10381,39.06504,19.21845,37.84534,0,1,0,1,0,0,0,0,0.6755844,0,0.6620763,0,0,0,0,0,0,1,0,0,0,0,0,0,0.6620763,0,0,0,1871263.38720703,6036.26817741256
12,Islington-City Centre West,014,51481,230,209,214,211,236,217,222,534.126,473.279,470.6917,449.8742,487.261,434.4953,431.2271,89,101,133,96,158,173,150,206.6835,228.7138,292.5327,204.6821,326.2171,346.3949,291.3696,111,143,105,96,119,125,99,257.7739,323.8224,230.9469,204.6821,245.6952,250.2853,192.304,39,35,40,70,35,36,35,90.56919,79.25725,87.97977,149.2474,72.26328,72.08218,67.98624,35,45,37,33,55,35,29,81.28004,101.9022,81.38128,70.35947,113.5566,70.07989,56.33146,2,0,0,0,2,1,0,0.464457397645201,0,0,0,0.2064665,0.2002283,0,1,3,5,3,3,5,4,0.2322287,0.6793478,1.099747,0.6396316,0.6193996,1.001141,0.7769857,16239688.6918945,20311.9293923463
13,Danforth,066,10353,99,109,88,88,111,108,65,1001.011,1098.458,881.6752,873.6226,1091.338,1051.504,627.8373,11,7,6,7,13,9,7,111.2235,70.54318,60.11422,69.49271,127.8144,87.62535,67.61325,39,40,41,29,30,40,40,394.3377,403.1039,410.7805,287.8983,294.9562,389.446,386.3615,19,22,26,35,38,26,19,192.1133,221.7071,260.4949,347.4635,373.6112,253.1399,183.5217,3,5,4,3,5,4,2,30.33367,50.38799,40.07615,29.78259,49.15937,38.9446,19.31807,0,0,0,1,0,0,0,0,0,0,0.9927529,0,0,0,0,0,0,1,0,1,0,0,0,0,0.9927529,0,0.9736151,0,1119664.69775391,6233.17259531118
14,Rustic,028,10756,51,69,83,67,73,68,60,498.3876,675.6095,811.8948,647.4681,696.3655,640.241,557.8282,7,18,10,13,14,38,21,68.40614,176.246,97.81864,125.6281,133.5496,357.7817,195.2399,21,17,17,12,10,14,14,205.2184,166.4545,166.2917,115.9644,95.39254,131.8143,130.1599,15,15,9,6,8,5,8,146.5846,146.8716,88.03678,57.98222,76.31403,47.07655,74.37709,1,1,3,1,2,1,5,9.772305,9.791442,29.34559,9.663703,19.07851,9.415309,46.48568,0,1,0,0,0,1,0,0,0.9791442,0,0,0.9539254,0.9415309,0,4,7,8,2,7,7,6,3.908922,6.85401,7.825491,1.932741,6.677478,6.590716,5.578282,2096348.76586914,5888.97164994937
15,Scarborough Village,139,18116,161,153,191,149,179,174,178,936.1554,890.6741,1108.146,854.6028,1012.673,972.5016,982.5569,20,15,9,21,20,20,23,116.2926,87.32099,52.21629,120.4474,113.1478,111.7818,126.9596,50,48,34,32,45,40,28,290.7315,279.4272,197.2616,183.5389,254.5825,223.5636,154.5595,30,33,25,22,11,28,17,174.4389,192.1062,145.0453,126.183,62.23127,156.4945,93.8397,3,2,2,4,4,2,7,17.44389,11.6428,11.60362,22.94236,22.62955,11.17818,38.63988,1,0,6,1,0,0,1,0.581462960809396,0,3.481086,0.5735589,0,0,0.5519983,1,2,3,5,4,6,2,0.581463,1.16428,1.740543,2.867795,2.262955,3.353454,1.103997,3151015.08251953,7922.76449106579
16,South Parkdale,085,24212,184,218,220,218,203,240,237,816.6888,964.6445,966.6081,944.0908,864.5287,1006.88,978.8535,9,18,23,18,14,20,16,39.94674,79.64954,101.0545,77.95245,59.62267,83.90669,66.08293,45,49,68,58,78,89,88,199.7337,216.8237,298.7698,251.1801,332.1835,373.3848,363.4561,20,32,34,30,33,34,16,88.77053,141.5992,149.3849,129.9207,140.5392,142.6414,66.08293,6,4,9,10,9,24,12,26.63116,17.6999,39.54306,43.30692,38.32886,100.688,49.5622,0,0,1,0,0,1,0,0,0,0.4393673,0,0.4258762,0.4195335,0,0,1,7,7,6,3,4,0,0.4424975,3.075571,3.031484,2.555258,1.2586,1.652073,2286974.10668945,10802.8320696002
17,South Riverdale,070,30225,206,200,228,233,292,250,212,735.4254,703.4822,788.6271,797.3172,987.5207,835.8129,701.4061,17,22,27,36,37,38,38,60.69044,77.38305,93.39006,123.1906,125.1311,127.0436,125.7237,88,98,149,93,91,132,142,314.1623,344.7063,515.3748,318.2425,307.7547,441.3092,469.8098,55,42,45,66,34,35,35,196.3514,147.7313,155.6501,225.8495,114.9853,117.0138,115.7982,18,17,22,25,23,21,24,64.26047,59.79599,76.0956,85.54906,77.78416,70.20828,79.40446,1,0,3,5,2,0,0,0.357002606119025,0,1.037667,1.710981,0,0,0,2,0,7,9,4,6,3,0.7140052,0,2.421224,3.079766,1.352768,2.005951,0.9925559,10964573.7402344,43080.7247850628
18,St.Andrew-Windfields,040,20070,55,46,56,46,60,69,50,299.2383,251.0917,305.8772,245.5822,312.7606,351.467,249.1281,18,27,10,15,23,40,31,97.93253,147.3799,54.62093,80.08115,119.8916,203.749,154.4594,81,79,57,89,81,84,50,440.6964,431.2227,311.3393,475.1482,422.2269,427.8729,249.1281,10,6,24,2,6,11,8,54.40696,32.75109,131.0902,10.67749,31.27606,56.03097,39.86049,10,15,9,7,6,7,4,54.40696,81.87773,49.15884,37.3712,31.27606,35.65607,19.93024,1,0,0,2,0,0,0,0.544069640914037,0,0,1.067749,0,0,0,1,0,2,0,1,1,1,0.5440696,0,1.092419,0,0.5212677,0.5093725,0.4982561,7299579.79418945,13025.9972757258
19,Taylor-Massey,061,16651,128,95,98,101,124,119,114,790.1722,587.2172,603.5598,618.8347,754.1661,719.7291,684.6436,12,9,7,5,12,12,14,74.07864,55.6311,43.11141,30.63538,72.98383,72.57772,84.07903,32,71,42,27,41,63,32,197.5431,438.8676,258.6685,165.431,249.3614,381.033,192.1806,24,42,17,18,17,14,26,148.1573,259.6118,104.6991,110.2874,103.3937,84.674,156.1468,4,3,5,2,4,3,8,24.69288,18.5437,30.79387,12.25415,24.32794,18.14443,48.04516,0,1,1,1,0,1,0,0,0.6181234,0.6158773,0.6127076,0.6081985,0.6048144,0,2,0,2,3,1,2,3,1.234644,0,1.231755,1.838123,0.6081985,1.209629,1.801694,1062970.05541992,5940.70014432376
20,Humber Summit,021,13458,88,100,124,121,122,127,100,685.1982,780.6401,969.1285,933.642,928.9576,954.8872,743.0524,66,41,62,84,109,136,110,513.8986,320.0624,484.5643,648.1481,829.9703,1022.556,817.3577,54,44,41,39,56,59,26,420.4625,343.4817,320.4377,300.9259,426.4068,443.609,193.1936,25,28,24,27,34,28,25,194.6586,218.5792,187.5733,208.3333,258.8898,210.5263,185.7631,15,16,18,18,15,22,22,116.7951,124.9024,140.6799,138.8889,114.2161,165.4135,163.4715,0,1,0,2,1,3,0,0,0.7806401,0,1.54321,2.284322,2.255639,0,1,6,15,9,5,8,5,0.7786343,4.683841,11.72333,6.944445,3.807203,6.015038,3.715262,7966905.41308594,12608.5730101444
21,Humbermede,022,16794,105,127,111,149,106,155,83,648.7087,789.4573,691.8043,918.3925,645.4756,933.6224,494.2241,36,33,45,58,54,67,74,222.4144,205.1346,280.4612,357.4951,328.8272,403.5658,440.6335,35,35,24,21,44,62,33,216.2363,217.567,149.5793,129.4379,267.9333,373.449,196.4987,25,21,23,34,27,27,14,154.4545,130.5402,143.3468,209.5661,164.4136,162.631,83.36311,1,9,1,7,10,8,10,6.178179,55.94579,6.232471,43.14596,60.89392,48.18697,59.54507,0,0,1,1,0,0,0,0,0,0.6232471,0.6163708,0,0,0,2,8,4,6,5,4,6,1.235636,4.97296,2.492989,3.698225,3.044696,2.409348,3.572705,4421665.03710938,12445.721939439
22,Centennial Scarborough,133,14672,52,38,49,47,46,49,46,381.6794,277.981,356.7268,336.628,323.8297,339.4057,313.5224,8,7,5,8,10,20,10,58.71991,51.20702,36.4007,57.29838,70.39775,138.5329,68.15704,13,15,18,23,16,29,8,95.41985,109.7293,131.0425,164.7328,112.6364,200.8728,54.52563,9,4,11,7,6,1,3,66.05989,29.26116,80.08154,50.13609,42.23865,6.926647,20.44711,1,1,1,4,2,3,1,7.339988,7.315289,7.28014,28.64919,14.07955,20.77994,6.815703,0,0,0,1,0,0,0,0,0,0,0.7162297,0,0,0,0,0,2,0,0,1,1,0,0,1.456028,0,0,0.6926647,0.6815704,5468486.34399414,12038.4812149095
23,Church-Yonge Corridor,075,39279,536,551,594,750,810,911,761,1691.545,1712.563,1808.274,2181.247,2249.688,2421.777,1937.422,30,26,26,26,72,56,30,94.67605,80.81059,79.15005,75.61657,199.9722,148.8689,76.37669,148,155,146,199,202,309,241,467.0685,481.7555,444.458,578.7576,561.0332,821.4371,613.5594,126,137,140,151,189,149,138,397.6394,425.8097,426.1926,439.1577,524.9271,396.0975,351.3328,33,16,41,30,41,41,44,104.1437,49.7296,124.8135,87.24989,113.8731,108.9933,112.0191,1,2,3,1,2,1,0,0.315586833717297,0.6216199,0.9132698,0.2908329,0.2777392,0.2658373,0,0,3,2,0,1,4,2,0,0.9324299,0.6088465,0,0.2777392,1.063349,0.5091779,1364546.63037109,6347.04690925639
24,Clairlea-Birchmount,120,29302,244,252,235,243,281,287,184,905.2124,921.5916,843.8061,862.1301,983.4803,991.5014,627.9435,42,27,45,37,46,67,49,155.8152,98.74195,161.5799,131.2708,160.9968,231.4655,167.2241,129,115,87,102,65,65,60,478.5754,420.5676,312.3878,361.8818,227.4955,224.5561,204.7642,46,42,43,56,27,35,30,170.6548,153.5986,154.3986,198.6802,94.49811,120.9148,102.3821,4,15,18,7,12,14,6,14.83955,54.85664,64.63196,24.83502,41.99916,48.36592,20.47642,0,2,1,0,3,1,1,0,0.7314219,0.3590664,0,0.349993,0.3454709,0.3412736,3,5,0,0,6,3,2,1.112966,1.828555,0,0,2.099958,1.036413,0.6825473,7397299.84033203,16485.3965614805
25,Cliffcrest,123,17715,81,99,110,119,138,137,111,497.3902,606.8408,671.5917,712.4468,809.3367,787.9904,626.5876,17,13,10,18,23,19,19,104.3905,79.68616,61.05379,107.7651,134.8895,109.2833,107.2537,42,58,59,36,53,46,36,257.906,355.5229,360.2173,215.5302,310.8322,264.5807,203.2176,27,20,25,33,15,29,23,165.7968,122.5941,152.6345,197.5693,87.97138,166.8009,129.8335,4,5,3,7,3,3,9,24.56248,30.64852,18.31614,41.90864,17.59428,17.25526,50.8044,0,1,0,0,1,1,0,0,0.6129705,0,0,0.5864758,0.5751754,0,0,2,0,0,1,1,2,0,1.225941,0,0,0.5864758,0.5751754,1.128987,7191379.70996094,19946.0229787457
26,Flemingdon Park,044,23505,129,148,156,123,144,151,124,571.5552,655.9412,688.7722,538.6232,624.079,648.6533,527.5473,8,7,4,12,8,8,15,35.44528,31.02424,17.66082,52.54861,34.67106,34.36574,63.81621,50,20,14,12,14,16,11,221.533,88.64069,61.81289,52.54861,60.67435,68.73148,46.79855,26,20,24,20,16,13,5,115.1972,88.64069,105.9649,87.58101,69.34212,55.84432,21.27207,9,3,3,4,1,3,2,39.87594,13.2961,13.24562,17.5162,4.333882,12.88715,8.508828,1,0,0,0,0,0,0,0.443066016836509,0,0,0,0,0,0,5,5,8,5,6,9,13,2.21533,2.216017,3.532165,2.189525,2.600329,3.866145,5.530738,2473306.35644531,8487.75189716526
27,Corso Italia-Davenport,092,15139,74,88,71,94,93,93,89,511.3676,605.1021,485.1384,636.8564,624.2449,618.8448,587.8856,15,10,8,13,11,16,14,103.6556,68.7616,54.66348,88.07588,73.83541,106.4679,92.47639,29,22,15,31,32,40,41,200.4008,151.2755,102.494,210.0271,214.7939,266.1698,270.8237,18,16,30,32,20,33,12,124.3867,110.0186,204.988,216.8022,134.2462,219.5901,79.26547,2,4,2,3,5,6,6,13.82074,27.50464,13.66587,20.3252,33.56155,39.92547,39.63274,0,1,0,0,0,0,1,0,0.6876161,0,0,0,0,0.6605456,0,0,1,2,0,1,4,0,0,0.6832935,1.355014,0,0.6654245,2.642182,1884658.1550293,6077.82489042755
28,Ionview,125,14407,103,111,105,92,93,80,86,743.0385,795.2999,745.2623,649.9011,652.6316,558.1915,596.9321,5,12,5,7,3,8,6,36.06983,85.97836,35.48868,49.449,21.05263,55.81915,41.64642,33,45,17,29,19,19,15,238.0609,322.4189,120.6615,204.8601,133.3333,132.5705,104.1161,23,17,9,14,8,12,2,165.9212,121.8027,63.87962,98.89799,56.14035,83.72872,13.88214,1,5,4,1,1,2,0,7.213966,35.82432,28.39094,7.064142,7.017544,13.95479,0,0,0,0,0,0,0,0,0,0,0,0,0,0,0,1,0,0,0,0,1,1,0.7213966,0,0,0,0,0.6977393,0.6941071,1952873.80981445,6356.14995723727
29,Junction Area,090,15623,100,102,105,90,135,94,100,677.7823,688.8634,705.0292,597.5302,884.4919,608.5324,640.0819,22,22,20,22,38,31,36,149.1121,148.5784,134.2913,146.0629,248.9681,200.6862,230.4295,33,33,33,46,63,43,50,223.6682,222.8676,221.5806,305.4043,412.7629,278.3712,320.041,15,17,13,17,25,15,13,101.6673,114.8106,87.28933,112.8668,163.7948,97.10623,83.21065,4,2,4,7,6,9,6,27.11129,13.50712,26.85826,46.47457,39.31075,58.26374,38.40491,1,0,0,0,0,0,0,0.67778229632642,0,0,0,0,0,0,1,1,1,0,0,2,0,0.6777823,0.6753563,0.6714564,0,0,1.29475,0,2631832.25390625,7789.28165589304
30,Broadview North,057,12372,50,58,46,56,59,69,62,419.5687,488.1744,387.0425,466.9001,486.6381,563.0355,501.1316,2,5,7,6,6,3,7,16.78275,42.084,58.89777,50.02501,49.48862,24.4798,56.57937,14,21,16,24,8,25,25,117.4792,176.7528,134.6235,200.1001,65.98483,203.9984,202.0692,11,5,11,5,7,5,3,92.30511,42.084,92.55364,41.68751,57.73672,40.79967,24.2483,0,2,2,0,1,1,6,0,16.8336,16.82793,0,8.248103,8.159935,48.4966,0,0,0,1,1,0,0,0,0,0,0.8337502,0,0,0,0,0,1,1,1,0,0,0,0,0.8413967,0.8337502,0.8248103,0,0,1745969.19287109,7178.12383605284
31,Princess-Rosethorn,010,12291,22,14,29,25,20,29,24,192.8471,123.2828,255.7996,215.9641,169.2907,240.285,195.2648,21,20,24,19,21,28,20,184.0813,176.1183,211.6962,164.1327,177.7552,231.9993,162.7207,34,29,33,29,22,33,12,298.0365,255.3716,291.0823,250.5183,186.2197,273.4278,97.63242,17,3,34,6,4,14,9,149.0182,26.41775,299.903,51.83138,33.85814,115.9997,73.22431,3,4,2,3,6,5,4,26.29733,35.22367,17.64135,25.91569,50.7872,41.42845,32.54414,0,0,1,0,1,0,0,0,0,0.8820676,0,0,0,0,0,0,1,1,1,1,1,0,0,0.8820676,0.8638563,0.8464534,0.8285691,0.8136035,5171203.28125,11051.877757467
32,North Riverdale,068,12585,35,57,48,55,54,71,31,282.2353,462.3621,390.8158,445.0198,434.2581,567.0927,246.325,8,8,5,7,11,19,13,64.51093,64.89293,40.70998,56.63889,88.45999,151.7572,103.2976,43,51,41,28,33,43,34,346.7462,413.6924,333.8218,226.5555,265.38,343.4505,270.1629,20,30,34,21,19,22,14,161.2773,243.3485,276.8279,169.9167,152.7945,175.7189,111.2435,3,2,6,3,5,5,2,24.1916,16.22323,48.85198,24.27381,40.20909,39.9361,15.89193,0,0,1,1,2,0,0,0,0,0.8141996,0.809127,0,0,0,0,0,2,1,2,2,0,0,0,1.628399,0.809127,1.608364,1.597444,0,1786040.72900391,5475.63566796403
33,Etobicoke West Mall,013,13072,43,59,47,52,45,50,63,362.441,490.8894,384.7413,418.6458,356.0408,389.1051,481.9461,11,14,15,9,9,12,10,92.71747,116.4822,122.7898,72.45793,71.20817,93.38522,76.49939,25,25,14,8,16,8,13,210.7215,208.004,114.6038,64.40705,126.5923,62.25681,99.4492,10,9,4,5,4,11,10,84.2886,74.88144,32.74394,40.25441,31.64807,85.60311,76.49939,0,3,0,4,3,6,7,0,24.96048,0,32.20353,23.73606,46.69261,53.54957,1,0,1,0,0,2,1,0.842886041807148,0,0.8185986,0,1.582404,1.55642,0.7649939,1,4,2,1,3,3,6,0.842886,3.328064,1.637197,0.8050882,2.373605,2.33463,4.589963,1796641.64575195,6476.05876420878
34,Forest Hill North,102,13588,31,33,31,44,39,41,41,237.2752,251.9661,235.1692,331.3503,291.3056,303.9964,301.7368,12,14,7,11,23,27,40,91.84845,106.8947,53.10271,82.83756,171.7956,200.1928,294.3774,38,36,19,46,42,38,45,290.8534,274.8721,144.1359,346.4116,313.7138,281.7528,331.1746,8,6,9,9,16,22,16,61.2323,45.81202,68.27492,67.77619,119.51,163.12,117.751,3,4,2,3,0,3,7,22.96211,30.54135,15.1722,22.59206,0,22.24364,51.51604,0,0,0,0,0,0,0,0,0,0,0,0,0,0,0,0,0,0,1,1,0,0,0,0,0,0.7469376,0.7414547,0,1569106.00561523,5693.11590493732
35,Glenfield-Jane Heights,025,33031,286,298,301,272,293,339,279,899.5408,944.5325,958.6598,855.8573,909.3166,1039.208,844.6611,44,50,62,49,67,83,124,138.3909,158.4786,197.4648,154.1802,207.9325,254.4373,375.4049,36,36,30,42,38,36,49,113.2289,114.1046,95.54749,132.1544,117.9318,110.3584,148.3455,42,42,66,51,48,47,49,132.1004,133.122,210.2045,160.4732,148.9665,144.079,148.3455,7,7,9,7,11,12,19,22.01673,22.187,28.66425,22.02574,34.13817,36.78612,57.52172,0,0,1,3,0,2,1,0,0,0.3184916,0.9439602,0.6206939,0.613102,0.3027459,8,16,21,20,24,30,34,2.516198,5.071315,6.688324,6.293068,7.448327,9.196529,10.29336,5149746.89477539,11437.3630678548
36,Greenwood-Coxwell,065,15470,103,132,96,74,118,122,114,696.652,889.9077,643.3885,491.629,775.9074,795.2027,736.9102,14,17,13,12,18,27,29,94.69057,114.6093,87.12553,79.72363,118.3588,175.9875,187.4596,48,34,62,33,38,48,41,324.6534,229.2186,415.5218,219.24,249.8685,312.8666,265.0291,15,20,12,20,19,8,21,101.4542,134.8345,80.42356,132.8727,124.9342,52.14444,135.7466,4,7,7,8,6,4,4,27.05445,47.19207,46.91375,53.14908,39.45292,26.07222,25.8565,3,1,1,0,0,0,2,2.02908353060534,0.6741725,0.6701964,0,0,0,1.292825,2,2,2,1,0,5,3,1.352722,1.348345,1.340393,0.6643636,0,3.259027,1.939237,1675174.69580078,6843.00227817039
37,Guildwood,140,10679,51,38,44,44,47,30,35,503.853,375.2716,433.0709,427.9739,451.099,284.468,327.746,2,0,4,5,2,3,11,19.75894,0,39.37008,48.6334,19.1957,28.4468,103.0059,13,20,18,10,16,10,3,128.4331,197.5114,177.1654,97.2668,153.5656,94.82269,28.09252,16,6,8,10,5,7,3,158.0715,59.25341,78.74016,97.2668,47.98925,66.37588,28.09252,1,2,1,4,1,1,1,9.879471,19.75113,9.84252,38.90672,9.59785,9.482268,9.364173,0,0,0,0,0,1,0,0,0,0,0,0.959785,0.9482268,0,0,0,0,0,0,0,1,0,0,0,0,0,0,0.9364173,3804331.12084961,9830.06441832583
38,Trinity-Bellwoods,081,18270,118,115,130,136,126,117,105,680.6252,666.319,754.8046,778.032,709.7792,649.4948,574.7126,13,17,21,16,18,24,13,74.98414,98.49934,121.93,91.53318,101.397,133.2297,71.1549,67,55,46,69,63,110,86,386.4567,318.6743,267.0847,394.7368,354.8896,610.6362,470.717,23,16,18,19,14,18,20,132.6642,92.70525,104.5114,108.6957,78.86436,99.92228,109.4691,11,7,2,6,8,2,8,63.44812,40.55855,11.61238,34.32494,45.06535,11.10248,43.78763,0,0,1,0,0,0,2,0,0,0.5806189,0,0,0,1.094691,1,3,4,3,0,1,1,0.5768011,1.738224,2.322476,1.716247,0,0.5551238,0.5473454,1729723.55419922,5343.1215061231
39,Victoria Village,043,19005,105,131,129,79,111,125,113,586.3301,730.5376,715.5139,432.7108,599.7731,666.2403,594.5804,20,14,20,11,12,16,16,111.6819,78.07272,110.9324,60.25086,64.84033,85.27876,84.18837,39,46,22,32,36,59,34,217.7798,256.5247,122.0256,175.2752,194.521,314.4654,178.9003,8,15,12,11,13,13,11,44.67277,83.64935,66.55943,60.25086,70.24369,69.28899,57.87951,5,6,4,5,3,5,5,27.92048,33.45974,22.18648,27.38675,16.21008,26.64961,26.30887,0,0,1,0,0,1,0,0,0,0.5546619,0,0.5403361,0.5329922,0,2,0,3,1,2,6,4,1.116819,0,1.663986,0.5477351,1.080672,3.197953,2.104709,4755219.19970703,11800.3415707699
40,Waterfront Communities-The Island,077,87808,708,806,866,869,897,831,757,1173.429,1245.48,1246.833,1176.725,1143.316,1000.349,862.1082,55,43,38,60,61,61,67,91.15619,66.44621,54.7109,81.24687,77.75059,73.43116,76.30284,160,188,213,258,335,337,351,265.1816,290.509,306.669,349.3615,426.9909,405.6771,399.7358,72,50,72,72,116,93,83,119.3317,77.26303,103.6628,97.49624,147.8536,111.9524,94.52441,46,47,58,52,60,75,56,76.23972,72.62725,83.5061,70.41396,76.47599,90.28422,63.77551,1,1,0,2,3,1,3,0.165738530893662,0.1545261,0,0.2708229,0.12746,0.120379,0.3416545,8,7,8,14,17,10,9,1.325908,1.081682,1.151808,1.89576,2.16682,1.203789,1.024963,13416295.0585938,18366.6080878935
41,West Hill,136,29669,347,395,422,412,425,445,336,1245.022,1410.714,1496.03,1442.678,1468.201,1518.305,1132.495,24,17,15,32,27,44,54,86.11101,60.71429,53.1764,112.0527,93.27392,150.1245,182.0082,89,66,72,87,103,77,57,319.3283,235.7143,255.2467,304.6432,355.8227,262.7179,192.1197,63,64,77,66,52,73,36,226.0414,228.5714,272.9722,231.1086,179.6387,249.0703,121.3388,7,6,8,10,5,4,9,25.11571,21.42857,28.36075,35.01646,17.27295,13.64769,30.33469,0,2,0,0,1,2,2,0,0.7142857,0,0,0.6909179,0.6823843,0.6741043,0,1,6,3,5,8,7,0,0.3571429,2.127056,1.050494,1.727295,2.729537,2.359365,9625439.61352539,14976.5717830339
42,West Humber-Clairville,001,37133,289,307,296,303,316,256,248,831.7504,888.3873,859.9901,863.6169,883.3478,702.0238,667.8696,306,260,320,318,503,484,396,880.6769,752.3801,929.7191,906.3702,1406.088,1327.264,1066.437,148,119,131,125,170,135,107,425.9483,344.3586,380.6037,356.2776,475.2188,370.2079,288.1534,85,75,92,123,91,72,75,244.6325,217.0327,267.2942,350.5772,254.3818,197.4442,201.9767,41,59,41,58,51,65,56,117.9992,170.7324,119.1203,165.3128,142.5656,178.2482,150.8092,0,3,4,0,2,2,3,0,0.8681309,1.162149,0,0.5590809,0.5484561,0.8079067,5,7,12,11,16,19,7,1.439015,2.025639,3.486446,3.135243,4.472647,5.210333,1.885116,30145323.902832,27924.1970319736
43,Westminster-Branson,035,28248,89,92,113,101,110,109,91,332.8969,342.6571,417.4517,369.4221,397.8156,389.9961,322.1467,30,20,24,19,35,34,48,112.2125,74.49067,88.66231,69.49525,126.5777,121.6501,169.9235,61,68,19,42,40,38,15,228.1653,253.2683,70.19099,153.6211,144.6602,135.9619,53.1011,14,6,12,16,16,8,17,52.36581,22.3472,44.33115,58.52231,57.86409,28.62356,60.18125,3,6,7,5,4,1,6,11.22125,22.3472,25.85984,18.28822,14.46602,3.577945,21.24044,0,0,0,0,0,0,0,0,0,0,0,0,0,0,0,0,3,0,1,1,1,0,0,1.108279,0,0.3616506,0.3577946,0.3540074,3667761.81176758,11495.3648778872
44,Kennedy Park,124,18407,209,245,212,190,219,221,175,1185.479,1391.966,1201.405,1065.56,1214.575,1212.753,950.7253,25,12,12,27,28,25,31,141.8037,68.17795,68.00408,151.4217,155.2881,137.1893,168.4142,49,36,46,50,48,41,32,277.9353,204.5338,260.6823,280.4105,266.2082,224.9904,173.8469,71,64,27,56,32,25,25,402.7226,363.6157,153.0092,314.0598,177.4721,137.1893,135.8179,6,2,5,4,20,6,9,34.0329,11.36299,28.33503,22.43284,110.9201,32.92542,48.89444,0,0,0,0,2,1,0,0,0,0,0,0.5546004,0.5487571,0,3,0,2,4,4,2,1,1.701645,0,1.133401,2.243284,2.218402,1.097514,0.5432716,3580725.22900391,7606.63159319886
45,Kingsview Village-The Westway,006,23318,92,122,128,108,101,98,98,407.8737,540.7322,564.6478,473.4765,439.3597,423.2713,420.2762,57,49,42,37,55,40,58,252.7044,217.1793,185.275,162.2096,239.2553,172.7638,248.7349,38,33,34,39,39,27,13,168.4696,146.2636,149.9846,170.9776,169.6537,116.6156,55.75092,19,32,27,14,18,15,7,84.23479,141.8314,119.1054,61.37659,78.30172,64.78642,30.01973,5,4,5,6,3,2,7,22.16705,17.72892,22.05655,26.30425,13.05029,8.638189,30.01973,2,1,2,2,2,0,0,0.886682035821954,0.4432231,0.8822621,0.8768084,0,0,0,3,7,14,9,2,3,2,1.330023,3.102562,6.175835,3.945638,0.8700191,1.295728,0.8577065,5063371.16992188,10449.4060822459
46,Bayview Woods-Steeles,049,14020,36,43,37,34,41,45,33,263.6976,317.5775,274.3586,249.7062,298.0301,323.9274,235.378,16,7,18,21,7,21,15,117.1989,51.69867,133.4718,154.2303,50.88319,151.1661,106.99,22,34,33,38,29,21,33,161.1485,251.1078,244.6982,279.0834,210.8018,151.1661,235.378,6,1,0,5,8,6,1,43.9496,7.385524,0,36.7215,58.15221,43.19033,7.132668,4,1,1,3,2,2,2,29.29974,7.385524,7.415097,22.0329,14.53805,14.39678,14.26534,0,0,0,0,0,1,0,0,0,0,0,0.7269027,0.7198387,0,0,0,1,0,3,4,1,0,0,0.7415097,0,2.180708,2.879355,0.7132668,4088934.03808594,8253.15428242227
47,Clanton Park,033,18742,75,64,57,56,80,86,82,461.1979,385.3797,335.097,321.2299,447.5274,469.8683,437.52,69,29,50,28,40,43,44,424.3021,174.6252,293.9447,160.6149,223.7637,234.9342,234.7668,61,44,41,54,52,44,33,375.1076,264.9485,241.0347,309.7574,290.8928,240.3978,176.0751,7,7,4,13,11,12,16,43.04514,42.1509,23.51558,74.57121,61.53502,65.56302,85.36976,5,6,6,5,9,4,5,30.74652,36.12934,35.27337,28.68124,50.34683,21.85434,26.67805,0,0,1,0,0,0,0,0,0,0.5878895,0,0,0,0,1,2,0,1,0,1,3,0.6149305,1.204311,0,0.5736247,0,0.5463585,1.600683,4142429.39233398,10147.1619767237
48,Keelesdale-Eglinton West,110,12050,69,60,55,57,72,57,80,613.6606,530.6447,482.1178,492.7386,613.8107,479.1124,663.9004,18,14,15,25,20,33,22,160.0854,123.8171,131.4867,216.1134,170.503,277.3809,182.5726,23,20,14,13,31,18,23,204.5535,176.8816,122.7209,112.379,264.2796,151.2986,190.8714,32,20,23,22,19,11,11,284.5962,176.8816,201.6129,190.1798,161.9778,92.46028,91.28631,1,2,0,4,3,8,3,8.893632,17.68816,0,34.57815,25.57545,67.24384,24.89627,1,0,0,1,0,1,0,0.889363215937389,0,0,0.8644537,0.8525149,0.840548,0,2,6,2,3,5,0,3,1.778726,5.306448,1.753156,2.593361,4.262575,0,2.489627,1750773.86035156,5670.47209873444
49,O'Connor-Parkview,054,20156,185,166,134,133,134,143,118,968.2316,867.203,696.2486,683.2426,680.3066,717.2593,585.4336,20,12,7,10,20,28,20,104.6737,62.68937,36.37119,51.37162,101.5383,140.4424,99.22604,53,30,34,39,26,56,25,277.3853,156.7234,176.6601,200.3493,131.9998,280.8848,124.0325,30,16,28,22,10,14,19,157.0105,83.58583,145.4848,113.0176,50.76915,70.2212,94.26473,11,6,6,2,6,7,10,57.57052,31.34469,31.17531,10.27432,30.46149,35.1106,49.61302,1,0,1,2,0,0,0,0.523368399016067,0,0.5195885,1.027432,0,0,0,6,3,5,5,6,5,4,3.14021,1.567234,2.597942,2.568581,3.046149,2.5079,1.984521,4876767.01831055,10927.1779354989
50,Old East York,058,9817,55,54,48,45,62,50,29,581.1496,570.1014,505.1568,469.3856,641.5563,512.9257,295.4059,3,5,6,0,9,4,8,31.69907,52.78716,63.1446,0,93.12914,41.03406,81.49129,21,11,26,17,28,13,15,221.8935,116.1318,273.6266,177.3235,289.7351,133.3607,152.7962,17,7,10,6,7,12,5,179.6281,73.90202,105.241,62.58475,72.43378,123.1022,50.93206,4,3,2,2,0,3,4,42.26543,31.6723,21.0482,20.86158,0,30.77554,40.74564,0,0,1,0,1,0,0,0,0,1.05241,0,0,0,0,0,1,1,1,1,0,1,0,1.055743,1.05241,1.043079,1.034768,0,1.018641,2349933.43847656,7485.02465168495
51,Casa Loma,096,12334,26,35,43,34,44,54,61,233.9392,312.7793,380.531,294.5253,372.3449,447.3531,494.5679,3,3,5,8,18,6,18,26.99298,26.80965,44.24779,69.30007,152.3229,49.70591,145.9381,32,24,19,27,23,34,36,287.9251,214.4772,168.1416,233.8877,194.6348,281.6668,291.8761,8,5,1,10,6,8,3,71.98129,44.68275,8.849558,86.62508,50.77431,66.27454,24.32301,4,5,7,7,2,2,6,35.99064,44.68275,61.9469,60.63756,16.92477,16.56864,48.64602,0,0,0,0,0,0,0,0,0,0,0,0,0,0,0,0,0,0,0,0,0,0,0,0,0,0,0,0,1922539.63574219,5937.87964906831
52,Kensington-Chinatown,078,21196,347,398,377,447,459,400,423,1830.941,2118.035,2017.014,2316.542,2302.137,1945.052,1995.66,25,22,31,31,26,43,56,131.9122,117.0773,165.8552,160.6551,130.4043,209.0931,264.2008,103,99,81,107,241,278,175,543.4783,526.848,433.3636,554.519,1208.747,1351.811,825.6275,75,56,62,100,75,51,38,395.7366,298.015,331.7104,518.2421,376.1661,247.9942,179.2791,18,36,20,27,25,37,27,94.97678,191.5811,107.0034,139.9254,125.3887,179.9173,127.3825,0,1,5,1,1,0,0,0,0.5321696,2.675084,0.5182421,0,0,0,2,4,5,9,5,3,6,1.055298,2.128679,2.675084,4.664179,2.507774,1.458789,2.830723,1534712.32983398,5024.45380911796
53,Kingsway South,015,10327,25,32,29,23,33,31,12,264.2986,338.1591,305.3274,237.2357,332.7284,306.3544,116.2002,18,15,9,22,11,30,18,190.295,158.5121,94.75679,226.9211,110.9095,296.472,174.3004,24,23,27,31,18,25,21,253.7266,243.0519,284.2704,319.7524,181.4882,247.06,203.3504,14,21,13,15,16,13,4,148.0072,221.9169,136.8709,154.7189,161.3228,128.4712,38.73342,3,3,2,6,4,4,3,31.71583,31.70242,21.05706,61.88757,40.33071,39.5296,29.05006,0,0,0,0,0,0,0,0,0,0,0,0,0,0,0,0,0,0,0,0,0,0,0,0,0,0,0,0,2638301.24975586,8062.5123274109
54,Runnymede-Bloor West Village,089,10792,32,43,41,41,34,46,34,313.664,417.9627,394.8382,391.1841,320.8152,429.9066,315.0482,16,10,11,21,27,31,17,156.832,97.20062,105.9322,200.3626,254.765,289.7196,157.5241,24,25,22,19,22,27,30,235.248,243.0016,211.8644,181.2804,207.5863,252.3364,277.9837,14,22,16,17,20,20,7,137.228,213.8414,154.0832,162.1983,188.7149,186.9159,64.86286,1,1,1,2,2,2,3,9.802,9.720062,9.6302,19.08215,18.87148,18.69159,27.79837,0,0,0,0,0,0,0,0,0,0,0,0,0,0,0,1,0,0,0,0,0,0,0.9720062,0,0,0,0,0,1593977.75805664,6748.11224469082
55,Forest Hill South,101,12450,20,11,10,20,19,27,25,179.6138,99.33177,90.49773,175.5156,161.7434,222.9746,200.8032,5,12,9,12,23,20,37,44.90346,108.3619,81.44797,105.3093,195.7947,165.1664,297.1888,48,18,29,67,42,35,33,431.0732,162.5429,262.4435,587.9772,357.5381,289.0412,265.0602,1,1,2,5,8,15,5,8.980692,9.030161,18.09955,43.87889,68.10249,123.8748,40.16064,5,5,5,8,2,4,6,44.90346,45.1508,45.24887,70.20623,17.02562,33.03328,48.19277,0,0,0,0,0,0,0,0,0,0,0,0,0,0,0,0,0,1,0,0,0,0,0,0,0.8775779,0,0,0,2480022.93945313,7188.57417084358
56,Henry Farm,053,22545,59,62,67,69,72,82,84,403.9159,401.5544,409.4353,386.3382,370.981,391.2587,372.5882,13,11,10,15,15,22,21,88.99843,71.24352,61.10975,83.98656,77.28772,104.9718,93.14704,38,26,12,28,22,39,33,260.1492,168.3938,73.3317,156.7749,113.3553,186.0865,146.3739,2,6,4,12,9,6,6,13.69207,38.8601,24.4439,67.18925,46.37263,28.62868,26.61344,2,3,1,10,5,13,6,13.69207,19.43005,6.110975,55.99104,25.76257,62.02882,26.61344,0,1,0,1,1,0,0,0,0.6476684,0,0.5599104,0,0,0,1,5,0,1,3,5,3,0.6846033,3.238342,0,0.5599104,1.545754,2.385724,1.330672,2593263.59326172,8150.84390289742
57,Annex,095,34680,242,255,279,280,269,305,275,776.0887,812.5159,880.4595,864.0109,811.145,899.0685,792.9642,16,14,21,24,34,29,37,51.31165,44.60872,66.27114,74.05807,102.5239,85.4852,106.6897,156,109,124,117,173,212,203,500.2886,347.3107,391.3153,361.0331,521.6657,624.9263,585.3518,48,53,47,67,49,39,44,153.935,168.8759,148.3211,206.7455,147.755,114.9629,126.8743,23,19,22,31,46,41,33,73.76051,60.5404,69.42691,95.65835,138.7088,120.8584,95.15571,0,0,0,0,2,1,0,0,0,0,0,0.3015409,0.2947766,0,0,0,5,1,2,1,0,0,0,1.577884,0.3085753,0.6030818,0.2947766,0,2790356.13574219,7606.03906765328
58,Caledonia-Fairbank,109,10729,56,57,59,68,59,74,50,546.2349,555.6639,573.2608,653.9719,561.21,696.6673,466.0266,9,4,10,6,11,9,8,87.78775,38.99396,97.16284,57.7034,104.6324,84.7298,74.56426,28,19,13,10,9,9,10,273.1174,185.2213,126.3117,96.17234,85.60829,84.7298,93.20533,11,9,13,9,9,15,8,107.2961,87.7364,126.3117,86.55511,85.60829,141.2163,74.56426,5,1,1,1,1,2,2,48.77097,9.748489,9.716285,9.617234,9.512033,18.82885,18.64107,0,0,0,0,0,0,0,0,0,0,0,0,0,0,0,1,1,1,4,0,2,0,0.9748489,0.9716284,0.9617234,3.804813,0,1.864107,1544434.55126953,4951.20832198073
59,Humber Heights-Westmount,008,12325,23,33,31,38,37,38,23,207.2446,296.0172,276.3662,330.924,314.5991,315.4051,186.6126,27,26,17,24,15,19,23,243.2871,233.2257,151.5557,209.0046,127.5402,157.7025,186.6126,19,20,23,31,29,23,9,171.202,179.4044,205.0459,269.9643,246.5777,190.9031,73.02232,12,5,11,5,5,4,2,108.1276,44.85109,98.06544,43.54263,42.51339,33.20053,16.22718,1,2,4,6,3,5,1,9.010633,17.94044,35.66016,52.25115,25.50804,41.50066,8.11359,1,0,1,1,2,0,0,0.901063254640476,0,0.891504,0.8708526,0,0,0,1,4,6,3,3,7,0,0.9010633,3.588088,5.349024,2.612558,2.550803,5.810093,0,2802679.6784668,9088.07196931288
60,Roncesvalles,086,16073,96,122,133,124,101,119,120,617.1649,786.7922,857.014,792.3323,639.0787,746.5027,746.5937,15,8,12,20,24,15,15,96.43201,51.59293,77.32457,127.7955,151.8603,94.09698,93.32421,38,37,45,48,75,95,68,244.2944,238.6173,289.9671,306.7093,474.5634,595.9476,423.0697,28,20,36,25,25,24,24,180.0064,128.9823,231.9737,159.7444,158.1878,150.5552,149.3187,2,2,3,12,5,10,4,12.8576,12.89823,19.33114,76.67731,31.63756,62.73132,24.88646,0,0,0,0,2,0,0,0,0,0,0,0,0,0,0,0,3,3,2,3,1,0,0,1.933114,1.916933,1.265502,1.88194,0.6221614,1504527.2824707,6163.82937233372
61,University,079,8433,136,157,154,158,139,137,86,1697.03,1973.85,1943.953,1964.685,1700.722,1649.013,1019.803,9,11,13,9,11,15,7,112.3035,138.2952,164.1,111.9125,134.5895,180.5489,83.00723,73,60,51,64,73,92,60,910.9059,754.3375,643.7768,795.822,893.1849,1107.366,711.4906,53,21,38,24,23,13,13,661.3427,264.0181,479.6768,298.4332,281.4144,156.4757,154.1563,7,10,7,4,20,8,5,87.34715,125.7229,88.36153,49.73887,244.7082,96.29273,59.29088,0,0,0,0,0,1,0,0,0,0,0,1.223541,1.203659,0,0,0,0,1,0,1,0,0,0,0,1.243472,0,1.203659,0,1405236.46240234,4971.78003806942
62,Hillcrest Village,048,18349,66,63,44,57,73,75,47,372.9656,359.7328,253.1209,323.4593,408.3916,413.9758,256.1447,14,10,23,19,25,27,25,79.11392,57.10044,132.3132,107.8198,139.8601,149.0313,136.2472,35,48,34,30,42,36,18,197.7848,274.0821,195.5934,170.2417,234.965,198.7084,98.09799,20,8,16,25,18,17,14,113.0199,45.68035,92.04395,141.8681,100.6993,93.83452,76.29844,6,5,2,4,8,6,8,33.90597,28.55022,11.50549,22.6989,44.75525,33.11806,43.59911,0,0,0,0,0,1,0,0,0,0,0,0.5594406,0.5519677,0,1,0,0,0,1,1,0,0.5650995,0,0,0,0.5594406,0.5519677,0,5395665.60131836,9570.81385044379
63,Mount Dennis,115,14703,97,102,110,101,89,92,71,699.8052,732.7586,783.9783,711.7187,619.5615,632.7808,482.8947,27,14,18,15,16,23,24,194.7911,100.5747,128.2874,105.7008,111.3818,158.1952,163.232,18,20,31,17,21,14,22,129.8608,143.6782,220.9393,119.7942,146.1887,96.29273,149.6293,26,13,34,34,10,16,19,187.5767,93.39081,242.3206,239.5885,69.61365,110.0488,129.2253,3,1,0,5,1,5,3,21.64346,7.183908,0,35.2336,6.961364,34.39026,20.404,0,0,0,0,1,3,1,0,0,0,0,2.088409,2.063416,0.6801333,3,1,3,1,4,4,1,2.164346,0.7183908,2.138123,0.704672,2.784546,2.751221,0.6801333,2129358.66479492,6852.13387716639
64,Dorset Park,126,27051,135,168,196,193,201,165,129,528.8725,656.2756,760.9286,740.7407,761.306,617.3071,476.877,48,39,43,43,82,60,71,188.0436,152.3497,166.9384,165.0355,310.5825,224.4753,262.4672,91,83,71,88,66,57,71,356.4993,324.2314,275.6425,337.7471,249.9811,213.2515,262.4672,35,39,58,35,37,38,24,137.1151,152.3497,225.1728,134.3312,140.1409,142.1677,88.72131,6,10,12,4,15,8,5,23.50545,39.06403,46.58747,15.35214,56.81388,29.93004,18.4836,0,0,0,1,0,2,0,0,0,0,0.3838035,0.7575184,0.748251,0,1,4,10,7,7,8,7,0.3917574,1.562561,3.882289,2.686625,2.651314,2.993004,2.587705,6012087.72290039,10566.8988495568
65,Edenbridge-Humber Valley,009,17619,25,23,29,27,24,34,32,158.9421,145.3029,181.6132,164.9762,142.9593,197.594,181.6221,26,22,28,18,18,23,37,165.2998,138.9854,175.3507,109.9841,107.2194,133.6665,210.0006,43,40,46,42,45,53,23,273.3804,252.7007,288.0761,256.6296,268.0486,308.0142,130.5409,6,7,4,3,5,3,8,38.1461,44.22263,25.0501,18.33068,29.78318,17.43476,45.40553,3,4,2,4,5,10,1,19.07305,25.27007,12.52505,24.44091,29.78318,58.11588,5.675691,0,0,0,0,0,0,0,0,0,0,0,0,0,0,0,0,3,0,0,2,1,0,0,1.878757,0,0,1.162318,0.5675691,5511577.81665039,11180.4121454001
66,Dovercourt-Wallace Emerson-Junction,093,40355,227,224,264,265,269,289,256,609.0526,595.4596,693.4777,686.3862,685.8046,725.93,634.37,28,30,30,32,43,37,63,75.12543,79.74905,78.80428,82.88438,109.6268,92.93914,156.1145,75,68,78,90,141,186,155,201.2288,180.7645,204.8911,233.1123,359.4738,467.2076,384.0912,55,53,42,70,58,51,39,147.5678,140.89,110.326,181.3096,147.8687,128.1053,96.6423,10,8,11,8,13,8,12,26.83051,21.26641,28.8949,20.72109,33.14297,20.09495,29.73609,1,3,0,2,0,2,0,0.268305116578573,0.7974905,0,0.5180274,0.5098919,0.5023737,0,0,2,1,3,3,3,5,0,0.5316604,0.2626809,0.777041,0.7648379,0.7535606,1.239004,3725825.31616211,9225.59097159933
67,Newtonbrook West,036,26115,141,126,156,122,170,166,181,579.9128,515.8649,634.0948,488.7429,670.4528,644.9106,693.0883,49,24,47,34,53,60,61,201.53,98.25998,191.0414,136.207,209.0235,233.1002,233.5822,54,42,54,87,54,53,32,222.0943,171.955,219.4944,348.5298,212.9673,205.9052,122.5349,27,8,16,46,28,20,23,111.0471,32.75333,65.03536,184.2801,110.4275,77.70008,88.07199,7,9,6,18,9,12,10,28.79,36.84749,24.38826,72.1096,35.49456,46.62005,38.29217,0,0,0,0,1,0,0,0,0,0,0,0,0,0,1,0,1,0,0,0,5,0.4112857,0,0.406471,0,0,0,1.914608,4695675.71704102,8634.1947815575
68,Niagara,082,37931,220,238,214,219,221,231,178,761.2983,773.5561,650.7131,642.6434,625.1061,630.6823,469.2732,20,21,18,16,18,30,27,69.20894,68.25495,54.73287,46.95111,50.91362,81.90679,71.18188,67,66,70,88,71,148,108,231.85,214.5155,212.8501,258.2311,200.8259,404.0735,284.7275,28,16,9,10,12,18,21,96.89252,52.00377,27.36644,29.34444,33.94241,49.14407,55.36369,14,17,17,12,15,18,11,48.44626,55.25401,51.69216,35.21333,42.42801,49.14407,29.00003,0,2,1,0,2,0,1,0,0.6500471,0.3040715,0,0,0,0.2636366,1,4,4,3,7,1,3,0.3460447,1.300094,1.216286,0.8803334,1.979974,0.2730226,0.7909098,3241278.57714844,11006.5378660042
69,Beechborough-Greenbrook,112,7130,62,68,62,65,53,70,52,916.0756,1006.662,913.9151,947.1077,761.6037,993.1896,729.3127,9,7,9,12,14,13,14,132.9787,103.6269,132.6651,174.8506,201.1783,184.4495,196.3534,20,15,11,16,25,11,7,295.5083,222.0577,162.1462,233.1342,359.247,156.0726,98.17672,19,11,18,11,14,12,4,280.7328,162.8423,265.3302,160.2798,201.1783,170.2611,56.10098,2,5,4,2,0,3,3,29.55083,74.01924,58.96227,29.14178,0,42.56527,42.07574,0,0,0,0,0,0,0,0,0,0,0,0,0,0,1,3,0,1,0,5,0,1.477541,4.441154,0,1.457089,0,7.094211,0,1833622.81054688,6414.71930916981
70,High Park North,088,24557,88,114,103,114,110,99,84,388.6239,500.8787,448.2159,488.2227,462.924,409.7682,342.0613,9,15,7,9,20,26,18,39.74563,65.9051,30.46127,38.5439,84.168,107.6159,73.29886,17,70,28,54,61,67,32,75.07507,307.5571,121.8451,231.2634,256.7124,277.3179,130.3091,21,27,30,37,26,16,18,92.7398,118.6292,130.5483,158.4582,109.4184,66.22517,73.29886,6,2,2,2,4,5,3,26.49709,8.787346,8.70322,8.56531,16.8336,20.69536,12.21648,1,0,0,0,0,0,0,0.441618088676912,0,0,0,0,0,0,0,0,0,0,0,0,0,0,0,0,0,0,0,0,1882284.21582031,6319.77481403095
71,High Park-Swansea,087,26494,80,101,86,85,73,100,74,335.4016,416.3747,347.8824,337.9991,285.1006,383.9361,279.3085,15,14,10,13,20,26,40,62.88781,57.7153,40.45144,51.69397,78.10974,99.82339,150.9776,46,50,32,40,45,54,49,192.8559,206.1261,129.4446,159.0584,175.7469,207.3255,184.9475,17,39,14,21,12,22,10,71.27285,160.7783,56.63201,83.50565,46.86584,84.46594,37.7444,7,5,5,9,3,13,8,29.34764,20.61261,20.22572,35.78814,11.71646,49.91169,30.19552,0,0,0,0,0,2,0,0,0,0,0,0.7810974,0.7678722,0,0,1,5,5,2,4,2,0,0.4122521,2.022572,1.98823,0.7810974,1.535744,0.7548879,5358122.9699707,10614.3665381951
72,Highland Creek,134,13943,52,50,73,68,50,64,33,396.3112,385.208,567.3428,517.5432,372.9951,467.358,236.6779,25,11,8,13,20,27,16,190.5343,84.74577,62.17456,98.94208,149.1981,197.1666,114.7529,28,36,35,29,30,33,14,213.3984,277.3498,272.0137,220.7169,223.7971,240.9814,100.4088,18,31,11,18,5,14,2,137.1847,238.829,85.49001,136.9967,37.29951,102.2346,14.34412,3,5,1,1,3,1,2,22.86411,38.5208,7.77182,7.610929,22.37971,7.302468,14.34412,0,1,0,0,1,1,0,0,0.770416,0,0,0.7459903,0.7302468,0,0,2,0,1,3,1,1,0,1.540832,0,0.7610929,2.237971,0.7302468,0.7172058,5248057.65966797,9914.92269803834
73,North St.James Town,074,20595,157,161,139,159,178,231,232,822.5494,838.8475,716.6426,808.7076,890.9355,1139.278,1126.487,23,10,16,14,11,21,27,120.5009,52.10233,82.49123,71.20695,55.05781,103.5707,131.0998,71,72,53,48,71,70,60,371.9809,375.1368,273.2522,244.1381,355.3731,345.2357,291.3329,35,29,23,37,28,33,39,183.3709,151.0968,118.5812,188.1898,140.1472,162.754,189.3663,7,3,8,8,3,15,9,36.67418,15.6307,41.24562,40.68969,15.01577,73.97909,43.69993,0,1,0,0,0,0,0,0,0.5210233,0,0,0,0,0,1,0,2,1,4,2,0,0.5239168,0,1.03114,0.5086212,2.002102,0.9863878,0,424196.779052734,2574.40855183258
74,Oakridge,121,15735,158,183,141,166,166,161,157,1114.088,1287.372,986.7731,1134.5,1106.445,1047.904,997.7756,21,15,10,11,15,7,21,148.075,105.5223,69.9839,75.1777,99.98,45.56105,133.4604,63,67,58,69,65,51,36,444.2251,471.3331,405.9066,471.5692,433.2467,331.9448,228.7893,48,32,30,37,37,32,28,338.4572,225.1143,209.9517,252.8704,246.6173,208.2791,177.9473,2,4,10,1,4,6,5,14.10238,28.13929,69.9839,6.834336,26.66133,39.05233,31.77629,0,1,0,0,0,0,1,0,0.7034822,0,0,0,0,0.6355259,3,12,3,6,5,2,8,2.115357,8.441787,2.099517,4.100601,3.332667,1.301744,5.084207,1878562.21289063,7808.87793836223
75,Rosedale-Moore Park,098,23693,64,110,108,109,133,131,147,298.9676,513.6107,502.1154,494.6676,588.73,565.9236,620.4364,9,25,12,5,31,32,50,42.04232,116.7297,55.7906,22.69117,137.2228,138.2409,211.0328,98,27,60,72,62,102,99,457.7942,126.0681,278.953,326.7529,274.4456,440.6428,417.8449,14,20,20,31,27,21,22,65.39917,93.38376,92.98433,140.6853,119.5166,90.72058,92.85443,7,9,9,10,11,14,10,32.69958,42.02269,41.84295,45.38235,48.69196,60.48039,42.20656,0,0,0,0,0,0,0,0,0,0,0,0,0,0,0,1,1,0,0,1,1,0,0.4669188,0.4649217,0,0,0.4320028,0.4220656,4669066.01367188,9663.31980357527
76,Oakwood Village,107,22588,106,136,136,118,126,158,114,485.2369,622.7106,621.2031,534.9048,566.0123,704.6022,504.6927,19,11,24,10,29,38,25,86.97643,50.3663,109.6241,45.33092,130.2727,169.4613,110.6782,25,29,23,41,19,49,32,114.4427,132.7839,105.0564,185.8568,85.35106,218.5159,141.6681,34,19,31,24,18,42,23,155.642,86.99634,141.5978,108.7942,80.8589,187.2993,101.824,2,2,2,5,2,2,3,9.155413,9.157509,9.13534,22.66546,8.984323,8.919015,13.28139,1,0,0,0,0,2,2,0.457770656900893,0,0,0,0.8984323,0.8919016,0.8854259,0,3,11,1,7,15,7,0,1.373626,5.024437,0.4533091,3.144513,6.689261,3.098991,2219473.03149414,6334.98943628895
77,Wexford/Maryvale,119,29864,190,217,202,202,210,245,174,669.0612,759.7241,702.2179,695.6881,715.9661,827.3673,582.6413,53,51,44,70,87,102,93,186.6329,178.5527,152.9584,241.08,296.6145,344.455,311.4117,125,92,75,87,100,88,80,440.1718,322.095,260.7245,299.6281,340.9362,297.1768,267.8811,49,35,25,34,35,31,29,172.5474,122.5361,86.90816,117.096,119.3277,104.6873,97.10689,17,16,13,11,13,15,13,59.86337,56.01653,45.19224,37.88401,44.32171,50.65514,43.53067,2,0,2,0,1,1,1,0.704274948940066,0,0.6952652,0,0.3409362,0.3377009,0.3348513,3,2,4,3,4,3,2,1.056412,0.7002066,1.39053,1.0332,1.363745,1.013103,0.6697026,10263854.2653809,14186.6318303103
78,Eglinton East,138,24885,189,182,209,209,188,199,153,804.1185,776.6161,890.8781,878.1882,778.1457,811.6155,614.8282,18,21,22,29,11,27,32,76.58271,89.60956,93.77664,121.8539,45.5298,110.1187,128.5915,41,76,65,56,45,58,23,174.4384,324.3013,277.0674,235.304,186.2583,236.5512,92.42516,68,48,45,37,36,36,23,289.3125,204.8219,191.8159,155.4687,149.0066,146.8249,92.42516,8,3,6,1,6,8,8,34.03676,12.80137,25.57545,4.201857,24.83444,32.62776,32.14788,0,0,0,1,1,2,2,0,0,0,0.4201857,0.8278146,0.815694,0.803697,1,2,3,10,1,6,11,0.4254595,0.8534244,1.278772,4.201857,0.4139073,2.447082,4.420333,3223146.07421875,10012.8673377551
79,Elms-Old Rexdale,005,10045,45,50,69,61,56,72,48,459.6997,512.6102,707.9828,621.3078,565.828,722.3114,477.8497,7,18,16,11,32,28,40,71.50883,184.5397,164.1699,112.0391,323.3303,280.8989,398.2081,8,17,10,12,7,10,14,81.72439,174.2875,102.6062,122.2245,70.7285,100.321,139.3728,14,8,20,20,13,15,7,143.0177,82.01763,205.2124,203.7075,131.3529,150.4815,69.68641,1,1,0,2,1,4,2,10.21555,10.2522,0,20.37075,10.10407,40.12841,19.9104,0,0,0,2,0,0,0,0,0,0,2.037075,0,0,0,1,4,3,6,3,7,0,1.021555,4.100882,3.078186,6.111224,3.031222,7.022472,0,2931145.375,9356.68702111855
80,Agincourt North,129,31618,67,77,78,73,80,81,69,219.9462,255.2712,260.3906,240.5034,259.7656,259.4823,218.2301,17,29,16,32,42,42,58,55.80724,96.1411,53.41345,105.4262,136.3769,134.5464,183.4398,46,53,49,49,69,56,17,151.0078,175.7061,163.5787,161.4338,224.0478,179.3952,53.76684,34,37,13,22,43,37,17,111.6145,122.6628,43.39843,72.48048,139.624,118.529,53.76684,1,6,5,11,4,2,5,3.282779,19.89126,16.6917,36.24024,12.98828,6.406971,15.81378,0,0,0,0,1,0,0,0,0,0,0,0,0,0,0,0,0,1,0,2,2,0,0,0,0.3294567,0,0.6406971,0.6325511,7261856.61889648,12381.2649312726
81,Agincourt South-Malvern West,128,27406,104,103,133,111,118,121,132,436.3148,426.7484,542.3922,440.1269,454.598,453.4723,481.6464,32,29,27,34,38,58,63,134.2507,120.1525,110.1097,134.8136,146.396,217.3669,229.8767,73,60,61,92,93,100,82,306.2594,248.5913,248.7664,364.7899,358.2849,374.7704,299.2046,25,23,21,33,33,29,18,104.8834,95.29333,85.64088,130.8485,127.1333,108.6834,65.67905,19,9,12,13,10,15,8,79.71136,37.2887,48.93764,51.54639,38.52525,56.21557,29.19069,0,0,0,0,1,0,2,0,0,0,0,0,0,0.7297672,0,1,3,4,5,2,1,0,0.4143189,1.223441,1.586043,1.926263,0.7495409,0.3648836,7873163.26464844,15386.5563773989
82,Englemount-Lawrence,032,25089,80,84,133,107,97,114,103,349.162,366.2046,577.6079,454.6613,403.1755,463.754,410.5385,29,22,23,33,40,23,30,126.5712,95.91071,99.88708,140.2227,166.2579,93.5644,119.5743,44,41,57,46,52,32,34,192.0391,178.7427,247.5462,195.4619,216.1353,130.1766,135.5176,31,14,39,23,10,15,24,135.3003,61.03409,169.3737,97.73094,41.56449,61.02026,95.65945,4,2,7,10,7,7,8,17.4581,8.719156,30.40042,42.49171,29.09514,28.47612,31.88648,0,0,0,0,1,0,1,0,0,0,0,0,0,0.3985811,3,6,14,4,8,12,11,1.309358,2.615747,6.080083,1.699669,3.325159,4.881621,4.384392,3478190.16015625,8311.86895534321
83,Eringate-Centennial-West Deane,011,19924,59,65,63,58,36,45,42,307.4518,339.9582,329.912,300.8143,184.3979,228.2179,210.801,27,24,30,29,27,41,50,140.6983,125.523,157.101,150.4071,138.2984,207.9318,250.9536,40,28,28,18,33,20,12,208.4419,146.4435,146.6276,93.35616,169.0314,101.4302,60.22887,18,16,14,18,11,11,19,93.79885,83.68201,73.31378,93.35616,56.3438,55.78659,95.36237,6,4,4,2,4,4,4,31.26628,20.9205,20.94679,10.37291,20.48866,20.28603,20.07629,0,0,0,0,2,1,0,0,0,0,0,0.5122164,0.5071508,0,0,4,3,3,3,2,4,0,2.09205,1.57101,1.555936,1.536649,1.014302,2.007629,8645507.99194336,15361.2462696983
84,L'Amoreaux,117,48519,126,160,173,176,162,197,193,275.7172,352.3143,382.1262,382.2182,345.3348,412.8854,397.7823,16,19,27,24,32,38,33,35.01171,41.83732,59.6382,52.12066,68.21428,79.64287,68.0146,68,84,50,74,76,86,48,148.7998,184.965,110.4411,160.7054,162.0089,180.2444,98.93031,50,36,38,39,39,60,28,109.4116,79.27071,83.93523,84.69607,83.13615,125.7519,57.70935,4,9,4,6,9,2,6,8.752927,19.81768,8.835288,13.03016,19.18527,4.19173,12.36629,0,0,2,1,0,0,2,0,0,0.4417644,0.2171694,0,0,0.4122097,2,2,7,11,7,9,9,0.4376463,0.4403928,1.546175,2.388864,1.492187,1.886278,1.854943,7154890.51464844,12565.6271272448
85,Banbury-Don Mills,042,31186,60,77,86,111,77,73,83,213.2575,272.7981,302.4974,381.6006,258.4326,239.5406,266.1451,19,19,6,16,28,44,49,67.53155,67.31383,21.10447,55.0055,93.9755,144.3806,157.1218,65,87,57,64,85,81,41,231.029,308.2265,200.4924,220.022,285.2828,265.7916,131.4693,12,28,18,9,7,13,7,42.6515,99.19932,63.3134,30.94059,23.49388,42.65792,22.44597,10,14,11,5,8,16,8,35.54292,49.59966,38.69152,17.18922,26.85014,52.50205,25.65254,0,0,0,0,0,0,0,0,0,0,0,0,0,0,1,0,2,1,0,2,2,0.3554292,0,0.7034822,0.3437844,0,0.6562756,0.6413134,10041548.4545898,18165.1241523351
86,Bathurst Manor,034,17628,47,45,71,56,68,59,58,290.4462,277.1448,434.1446,336.0134,400.424,340.8631,329.022,37,22,25,23,37,24,46,228.6491,135.493,152.8678,138.0055,217.8777,138.6562,260.9485,34,30,33,38,32,22,27,210.11,184.7632,201.7855,228.0091,188.4348,127.1015,153.1654,9,8,11,14,10,18,8,55.61735,49.27018,67.26183,84.00336,58.88588,103.9921,45.38235,2,2,4,5,3,5,7,12.35941,12.31755,24.45885,30.0012,17.66576,28.88671,39.70955,0,0,0,0,0,0,0,0,0,0,0,0,0,0,0,0,0,0,0,0,0,0,0,0,0,0,0,0,4760303.54296875,14569.4782829632
87,Alderwood,020,13242,45,47,39,21,30,36,37,363.8422,379.5526,313.8328,166.4157,233.5721,275.8409,279.414,9,18,17,14,25,14,28,72.76843,145.3606,136.7989,110.9438,194.6434,107.2715,211.4484,18,28,26,23,23,26,43,145.5369,226.1165,209.2219,182.2648,179.0719,199.2184,324.7244,8,6,10,6,8,5,12,64.68305,48.45353,80.46995,47.54735,62.28589,38.31124,90.62075,7,3,10,7,7,7,5,56.59767,24.22676,80.46995,55.47191,54.50016,53.63574,37.75865,1,0,0,0,0,0,0,0.808538163001294,0,0,0,0,0,0,2,0,0,0,0,1,0,1.617076,0,0,0,0,0.7662248,0,4978487.88037109,9168.69866046869
88,Regent Park,072,13131,102,114,121,126,138,177,148,924.6669,1024.995,1076.896,1077.107,1133.843,1399.763,1127.104,9,13,3,7,9,24,10,81.58825,116.8855,26.69989,59.83929,73.94627,189.7983,76.15566,33,30,25,29,28,66,28,299.1569,269.7357,222.4991,247.9056,230.0551,521.9454,213.2359,22,15,19,17,33,19,17,199.4379,134.8678,169.0993,145.324,271.1363,150.257,129.4646,8,6,3,2,5,5,5,72.52289,53.94713,26.69989,17.09694,41.08126,39.54132,38.07783,1,0,0,3,2,0,1,0.9065361254646,0,0,2.564541,0,0,0.7615566,6,5,5,8,10,6,7,5.439217,4.495595,4.449982,6.838776,8.216251,4.744958,5.330896,650295.326660156,3258.96763279803
89,Bendale,127,32770,197,219,254,267,255,274,216,654.3763,718.4803,821.5279,851.2673,801.0303,847.6674,659.1395,45,49,47,33,54,55,57,149.4768,160.7559,152.015,105.2128,169.63,170.1522,173.9396,97,61,58,62,52,52,31,322.2056,200.1247,187.593,197.6726,163.3474,160.8712,94.59872,66,70,63,83,48,43,22,219.2327,229.6513,203.7648,264.6262,150.7822,133.0281,67.13457,8,10,12,20,13,9,7,26.57366,32.80732,38.81234,63.76534,40.83684,27.84309,21.361,1,0,3,0,0,1,1,0.33217073575818,0,0.9703085,0,0.3141296,0.3093677,0.3051572,2,1,5,6,2,2,9,0.6643414,0.3280732,1.617181,1.91296,0.6282591,0.6187353,2.746414,7456416.12133789,13174.9840122075
90,Birchcliffe-Cliffside,122,24182,139,131,198,158,199,207,142,611.1771,574.4102,864.2891,680.7997,844.5085,866.8705,587.2136,12,17,15,12,24,26,21,52.76349,74.54179,65.47645,51.70631,101.8503,108.8823,86.84145,73,81,76,83,70,57,46,320.9779,355.1697,331.7473,357.6353,297.0633,238.7035,190.2241,16,24,22,14,21,31,20,70.35132,105.2355,96.03213,60.32403,89.119,129.8212,82.70615,3,5,6,5,8,7,5,13.19087,21.92406,26.19058,21.54429,33.95009,29.31446,20.67654,0,1,0,1,1,0,0,0,0.4384811,0,0.4308859,0,0,0,0,0,0,0,1,2,0,0,0,0,0,0.4243762,0.837556,0,6008883.00830078,14693.3306866125
91,Weston-Pellam Park,091,12074,92,95,83,75,87,115,99,775.4551,814.8212,722.7447,644.4406,738.1639,962.7459,819.9437,22,16,16,6,13,12,17,185.4349,137.233,139.3243,51.55525,110.3004,100.4604,140.7984,26,23,15,8,23,24,29,219.1504,197.2725,130.6165,68.74033,195.1468,200.9209,240.1855,11,13,15,10,27,5,3,92.71747,111.5018,130.6165,85.92542,229.0854,41.85852,24.84678,4,4,8,1,2,3,3,33.71544,34.30826,69.66214,8.592542,16.96929,25.11511,24.84678,1,1,1,0,1,1,0,0.842886041807148,0.8577065,0.8707767,0,0.8484643,0.8371704,0,1,1,4,2,4,3,4,0.842886,0.8577065,3.483107,1.718508,3.393857,2.511511,3.312904,1460622.08886719,5535.38547611365
92,Downsview-Roding-CFB,026,38981,330,357,359,408,427,437,357,916.3612,990.4561,993.002,1107.793,1137.06,1141.529,915.8308,98,100,87,83,109,162,153,272.1315,277.4387,240.6439,225.3598,290.2564,423.1754,392.4989,87,76,52,58,86,117,88,241.5861,210.8534,143.8332,157.4803,229.0097,305.6267,225.751,69,64,48,63,71,62,55,191.6028,177.5608,132.7691,171.0562,189.0661,161.956,141.0944,15,15,11,21,14,14,23,41.65278,41.6158,30.42624,57.01873,37.28064,36.57071,59.00311,1,0,1,2,1,3,2,0.277685216039098,0,0.2766022,0.5430356,0.7988709,0.7836581,0.5130705,8,8,8,12,10,12,10,2.221482,2.21951,2.212818,3.258214,2.662903,3.134632,2.565352,14992190.7773438,21300.3181847144
93,Lambton Baby Point,114,8433,28,41,20,22,25,26,31,341.5467,500.3661,243.4275,265.9253,300.2642,310.1515,367.6035,8,8,1,9,16,10,11,97.58478,97.63242,12.17137,108.7876,192.1691,119.289,130.4399,17,13,9,10,10,15,13,207.3676,158.6527,109.5424,120.8751,120.1057,178.9336,154.1563,1,8,5,2,1,4,1,12.1981,97.63242,60.85686,24.17503,12.01057,47.71561,11.85818,0,2,2,0,2,1,2,0,24.4081,24.34275,0,24.02114,11.9289,23.71635,0,0,0,0,0,0,0,0,0,0,0,0,0,0,1,3,0,1,0,3,0,1.21981,3.661216,0,1.208751,0,3.578671,0,1781937.60522461,8088.47309798011
94,Bay Street Corridor,076,32790,522,666,659,801,765,894,516,2141.187,2597.504,2437.942,2819.529,2562.042,2855.956,1573.651,20,26,26,24,42,53,25,82.03782,101.4041,96.18586,84.48027,140.6611,169.3129,76.24276,96,160,121,179,170,201,227,393.7815,624.025,447.6342,630.082,569.3426,642.111,692.2842,85,72,101,122,127,118,82,348.6607,280.8112,373.6451,429.4414,425.3324,376.9607,250.0762,53,43,40,48,53,74,43,217.4002,167.7067,147.9782,168.9605,177.5009,236.3991,131.1375,1,4,1,0,3,4,1,0.410189097173797,1.560062,0.3699456,0,1.33963,1.277833,0.304971,1,5,2,3,6,6,5,0.4101891,1.950078,0.7398912,1.056003,2.009444,1.916749,1.524855,1809355.37255859,6933.183322322
95,Black Creek,024,23206,225,228,276,240,209,219,281,997.0753,1016.088,1231.483,1062.558,916.1443,952.0084,1210.894,42,46,51,33,54,77,81,186.1207,205.0002,227.5567,146.1017,236.7071,334.7244,349.0477,26,27,27,26,30,38,26,115.2176,120.3262,120.4712,115.1105,131.504,165.1887,112.04,50,46,43,53,31,49,25,221.5723,205.0002,191.8615,234.6483,135.8874,213.0064,107.7308,9,4,8,17,8,9,16,39.88301,17.82611,35.69516,75.26453,35.06773,39.12363,68.94769,0,0,1,0,4,0,3,0,0,0.4461896,0,0,0,1.292769,11,11,16,12,15,6,18,4.87459,4.902179,7.139033,5.31279,6.575198,2.608242,7.756615,3453824.93603516,8441.4444203486
96,Willowdale East,051,57856,141,131,159,167,200,175,138,280.9213,255.9644,303.6553,311.2188,363.2599,309.9704,238.5232,33,24,44,25,41,67,73,65.74753,46.89423,84.0304,46.58964,74.46828,118.6744,126.1753,88,75,75,95,76,89,76,175.3268,146.5445,143.2336,177.0406,138.0388,157.6421,131.3606,24,32,41,53,67,44,39,47.81638,62.52565,78.30106,98.77003,121.6921,77.93542,67.40874,9,11,13,18,14,28,17,17.93114,21.49319,24.82717,33.54454,25.42819,49.59527,29.3833,0,0,0,0,0,0,1,0,0,0,0,0,0,0.1728429,2,0,0,1,2,2,3,0.3984699,0,0,0.1863586,0.3632599,0.3542519,0.5185288,5061015.63525391,9482.38349158487
97,Willowdale West,037,19571,73,99,86,75,93,107,83,437.1258,579.6932,490.9517,416.5047,501.8888,561.8273,424.0969,9,14,11,13,11,24,43,53.89222,81.97681,62.79614,72.19415,59.36319,126.0173,219.7128,29,16,38,29,35,20,23,173.6527,93.68778,216.9321,161.0485,188.8829,105.0144,117.5208,12,1,10,21,30,23,25,71.85629,5.855486,57.0874,116.6213,161.8996,120.7666,127.74,4,6,4,4,6,8,9,23.9521,35.13292,22.83496,22.21358,32.37992,42.00578,45.98641,0,0,0,1,0,0,0,0,0,0,0.5553396,0,0,0,0,0,1,0,0,1,1,0,0,0.570874,0,0,0.5250722,0.5109601,2883462.22363281,7476.93960132109
98,Rouge,131,50790,183,174,148,196,195,188,150,383.5111,364.4055,308.8416,403.1595,394.8807,375.3694,295.3337,59,52,22,32,60,88,63,123.6457,108.9028,45.90889,65.82195,121.5018,175.7048,124.0402,75,73,76,71,81,59,38,157.1767,152.8828,158.5944,146.0424,164.0274,117.8021,74.81788,26,34,34,43,34,38,40,54.48792,71.20568,70.9501,88.44825,68.851,75.87254,78.75566,10,8,13,11,16,13,9,20.95689,16.75428,27.12798,22.6263,32.40047,25.95639,17.72002,1,0,0,4,0,0,1,0.209568916738269,0,0,0.8227744,0,0,0.1968891,2,3,6,6,3,5,5,0.4191378,0.6282854,1.252061,1.234162,0.6075088,0.9983228,0.9844458,37534494.510498,36133.5599953824
99,Mount Olive-Silverstone-Jamestown,002,35772,239,236,271,276,257,279,203,703.3135,695.1194,796.2158,801.5101,736.5163,789.8313,567.483,62,58,42,50,78,87,85,182.4495,170.8344,123.3988,145.2011,223.5341,246.2915,237.616,25,37,34,34,27,35,17,73.56836,108.9806,99.89423,98.73675,77.3772,99.08278,47.5232,75,105,110,71,62,59,28,220.7051,309.2692,323.1872,206.1856,177.681,167.0253,78.27351,5,5,4,1,3,9,8,14.71367,14.72711,11.75226,2.904022,8.597466,25.47843,22.36386,2,3,1,0,2,3,2,0.588546877758814,0.8836264,0.2938066,0,0.8597466,0.849281,0.5590965,5,11,6,6,15,12,16,1.471367,3.239964,1.762839,1.742413,4.298733,3.397124,4.472772,4637541.7980957,12954.6638703728
100,Cabbagetown-South St.James Town,071,12655,91,104,137,104,110,140,140,741.8277,855.4742,1133.355,850.9942,889.6078,1118.926,1106.282,7,8,9,6,16,22,13,57.06367,65.80571,74.454,49.09582,129.3975,175.8312,102.7262,71,68,51,58,41,111,71,578.7886,559.3485,421.906,474.5929,331.5811,887.1483,561.0431,12,18,25,45,34,17,16,97.82343,148.0629,206.8167,368.2186,274.9697,135.8696,126.4322,3,5,7,7,5,4,3,24.45586,41.12857,57.90867,57.27845,40.43672,31.96931,23.70605,4,1,0,0,0,0,1,3.26078095703921,0.8225713,0,0,0,0,0.7902015,1,0,0,1,3,0,1,0.8151953,0,0,0.8182636,2.426203,0,0.7902015,1417962.99780273,5759.1128430106
101,Mount Pleasant East,099,17972,29,32,22,43,39,57,41,170.8596,187.0907,127.2485,246.4466,221.1637,320.009,228.1326,7,4,8,10,13,17,19,41.24197,23.38634,46.2722,57.31316,73.72122,95.44128,105.72,30,17,15,21,36,50,37,176.7513,99.39195,86.76037,120.3576,204.1511,280.7096,205.8758,2,8,3,9,8,13,16,11.78342,46.77269,17.35207,51.58184,45.36691,72.9845,89.02737,2,3,1,4,9,3,4,11.78342,17.53976,5.784025,22.92526,51.03777,16.84258,22.25684,0,0,0,0,0,0,0,0,0,0,0,0,0,0,0,0,0,0,0,1,0,0,0,0,0,0,0.5614192,0,3088926.61523438,11249.9144973602
102,Mount Pleasant West,104,36333,103,111,110,132,131,144,152,337.8822,362.8518,356.4716,410.4861,390.4969,412.4184,418.3524,5,5,4,11,17,12,24,16.40205,16.34468,12.9626,34.20717,50.67517,34.3682,66.05565,52,76,40,61,90,119,158,170.5813,248.4391,129.626,189.6943,268.2803,340.818,434.8664,16,15,14,13,25,24,18,52.48655,49.03403,45.36911,40.42665,74.52231,68.7364,49.54174,6,6,6,3,8,7,10,19.68246,19.61361,19.4439,9.329228,23.84714,20.04811,27.52319,0,0,1,0,0,2,2,0,0,0.3240651,0,0.5961785,0.5728033,0.5504637,0,0,1,0,1,1,0,0,0,0.3240651,0,0.2980892,0.2864017,0,1343312.19189453,5182.46976766325
103,Blake-Jones,069,8287,70,64,60,58,62,66,56,874.4535,801.5028,751.5972,720.2285,762.5139,803.4084,675.7572,4,3,4,6,9,7,7,49.96877,37.57045,50.10648,74.50639,110.6875,85.20998,84.46965,20,28,23,17,27,18,28,249.8438,350.6575,288.1122,211.1015,332.0625,219.1114,337.8786,10,11,10,14,14,9,4,124.9219,137.7583,125.2662,173.8483,172.1805,109.5557,48.26837,1,1,0,2,1,4,5,12.49219,12.52348,0,24.83546,12.29861,48.69142,60.33546,0,0,1,0,2,0,0,0,0,1.252662,0,0,0,0,1,1,4,1,2,2,2,1.249219,1.252348,5.010648,1.241773,2.459722,2.434571,2.413419,941146.775390625,4042.74344138641
104,Rexdale-Kipling,004,11095,49,62,72,87,79,62,48,452.1547,572.2725,663.2277,796.8492,719.1625,561.34,432.6273,12,10,23,25,58,51,45,110.7318,92.30201,211.8644,228.9797,527.9927,461.7474,405.5881,17,17,16,13,18,14,18,156.87,156.9134,147.3839,119.0694,163.8598,126.7542,162.2352,13,14,16,32,22,23,13,119.9594,129.2228,147.3839,293.094,200.2731,208.239,117.1699,2,1,0,1,3,3,1,18.45529,9.230201,0,9.159186,27.30997,27.16161,9.013069,0,0,0,1,0,2,0,0,0,0,0.9159186,1.820665,1.810774,0,1,0,4,2,3,5,1,0.9227646,0,3.684598,1.831837,2.730997,4.526935,0.9013069,2505575.80712891,7067.05855837852
105,East End-Danforth,062,23112,179,195,170,170,185,187,147,819.147,889.8421,770.5557,761.956,818.8015,817.9512,636.0332,20,14,22,25,32,19,26,91.5248,63.8861,99.71897,112.0524,141.6305,83.10734,112.4957,80,90,77,63,79,62,62,366.0992,410.6964,349.0164,282.3719,349.6504,271.1924,268.2589,34,35,40,38,32,27,27,155.5922,159.7153,181.3072,170.3196,141.6305,118.0999,116.8224,4,9,11,9,8,9,5,18.30496,41.06964,49.85949,40.33885,35.40763,39.36663,21.63378,3,0,0,0,1,0,0,1.3728720483251,0,0,0,0,0,0,1,0,2,2,2,2,2,0.457624,0,0.9065361,0.8964188,0.8851908,0.8748141,0.8653513,2639018.66137695,7372.23725302901
106,New Toronto,018,12539,84,103,98,99,105,111,87,722.705,878.9896,827.493,824.2444,860.938,897.5499,693.8352,9,13,10,13,12,23,20,77.43268,110.9404,84.43806,108.2341,98.39291,185.9788,159.5023,24,42,42,26,21,25,41,206.4871,358.4229,354.6399,216.4682,172.1876,202.1509,326.9798,19,16,20,24,20,17,11,163.469,136.5421,168.8761,199.8168,163.9882,137.4626,87.7263,2,5,5,1,1,1,5,17.20726,42.6694,42.21903,8.325702,8.199409,8.086036,39.87559,0,0,1,0,2,0,0,0,0,0.8443806,0,0,0,0,1,1,1,3,1,2,4,0.8603631,0.853388,0.8443806,2.49771,0.819941,1.617207,3.190047,3481238.47631836,11321.7310501414
107,Palmerston-Little Italy,080,14992,92,85,70,76,83,89,51,638.8002,590.5649,485.639,522.3008,563.9736,599.0845,340.1814,13,13,18,17,23,13,16,90.26524,90.32169,124.8786,116.8305,156.2818,87.50673,106.7236,55,43,39,37,46,51,48,381.8914,298.7563,270.5703,254.2781,312.5637,343.2956,320.1707,29,17,24,12,20,14,6,201.3609,118.113,166.5048,82.46856,135.8973,94.23802,40.02134,6,1,6,7,10,13,4,41.66088,6.947822,41.6262,48.10666,67.94863,87.50673,26.6809,1,0,0,0,0,0,1,0.694348007221219,0,0,0,0,0,0.6670224,0,0,1,0,1,0,0,0,0,0.6937699,0,0.6794863,0,0,1435236.8840332,4967.45793601471
108,Parkwoods-Donalda,045,38257,155,148,177,162,142,159,150,432.695,413.4656,493.2698,444.2372,383.1935,422.0193,392.0851,33,34,26,42,20,31,44,92.12216,94.98534,72.45771,115.1726,53.97091,82.28049,115.0116,70,61,47,66,79,68,48,195.4106,170.4149,130.9812,180.9855,213.1851,180.4863,125.4672,14,21,34,46,23,36,9,39.08213,58.66741,94.75239,126.1414,62.06655,95.55154,23.52511,6,6,3,10,7,5,2,16.74948,16.76212,8.360505,27.42205,18.88982,13.27105,5.227801,0,0,0,0,2,1,1,0,0,0,0,0.2698545,0.2654209,0.2613901,1,3,3,9,3,1,6,0.2791581,0.8381059,0.8360505,2.467985,0.8095636,0.2654209,1.56834,7464327.24243164,13452.1944718155
109,Pelmo Park-Humberlea,023,12278,61,46,60,55,75,81,55,597.5706,432.9412,542.4955,484.1549,643.1144,676.8614,447.9557,29,32,24,47,67,72,57,284.0909,301.1765,216.9982,413.7324,574.5155,601.6545,464.245,30,15,24,31,24,23,20,293.8871,141.1765,216.9982,272.8873,205.7966,192.1952,162.893,13,25,12,23,19,9,7,127.3511,235.2941,108.4991,202.4648,162.9223,75.20682,57.01254,3,6,4,6,4,7,10,29.38871,56.47059,36.16637,52.8169,34.29943,58.49419,81.44649,0,0,1,0,1,1,0,0,0,0.9041591,0,0.8574858,0.8356313,0,0,2,6,2,3,3,6,0,1.882353,5.424955,1.760563,2.572458,2.506894,4.886789,4276047.78759766,13837.0354920925
110,Playter Estates-Danforth,067,8257,67,50,77,81,57,83,77,836.7678,623.5192,955.2165,999.8766,698.872,1010.962,932.5421,7,9,7,7,9,11,7,87.42351,112.2334,86.83786,86.40909,110.3482,133.9829,84.77655,36,40,24,15,24,35,50,449.6066,498.8153,297.7298,185.1623,294.2619,426.3094,605.5468,17,15,11,9,7,11,8,212.3142,187.0557,136.4595,111.0974,85.82639,133.9829,96.88749,0,2,3,3,2,6,7,0,24.94077,37.21622,37.03247,24.52182,73.0816,84.77655,0,0,0,0,0,0,0,0,0,0,0,0,0,0,0,0,0,2,0,1,1,0,0,0,2.468831,0,1.218027,1.211094,887593.010986328,4501.75217483297
111,Willowridge-Martingrove-Richview,007,24158,84,73,104,101,77,95,96,374.0149,323.252,456.6411,437.1159,328.0784,399.1093,397.3839,45,35,49,38,51,43,69,200.3651,154.9838,215.1482,164.4594,217.2987,180.6495,285.6197,43,36,35,39,66,42,19,191.46,159.4119,153.6773,168.7873,281.2101,176.4483,78.6489,25,17,56,22,17,39,13,111.3139,75.27786,245.8837,95.21336,72.43289,163.8449,53.8124,5,3,5,4,4,3,4,22.26279,13.28433,21.9539,17.31152,17.04303,12.60345,16.55766,0,1,0,0,2,1,0,0,0.442811,0,0,0.4260758,0.4201151,0,2,2,5,4,6,5,7,0.8905116,0.8856219,2.19539,1.731152,2.556455,2.100575,2.897591,5517423.94897461,12059.2337091831
112,Woburn,137,58109,351,396,365,405,391,433,348,636.054,718.6672,661.0882,724.3007,690.1055,754.3291,598.8745,46,34,32,47,59,61,96,83.3575,61.70375,57.95842,84.05466,104.1336,106.2681,165.2068,120,147,80,85,99,100,65,217.4543,266.778,144.896,152.0137,174.7326,174.21,111.8587,85,87,73,125,76,67,55,154.0302,157.889,132.2176,223.5496,134.1382,116.7207,94.64971,11,13,14,24,14,8,14,19.93331,23.59261,25.35681,42.92152,24.70966,13.9368,24.09265,3,3,1,0,0,0,2,0.54363583647434,0.5444449,0.1811201,0,0,0,0.3441808,2,6,4,7,12,15,15,0.3624239,1.08889,0.7244802,1.251878,2.117971,2.613149,2.581356,12334072.6933594,18111.2651989149
113,Woodbine-Lumsden,060,8309,49,38,36,33,40,33,31,604.7889,469.1358,443.459,404.0157,486.9734,399.0809,373.0894,2,6,2,1,2,8,4,24.68526,74.07407,24.63661,12.2429,24.34867,96.74689,48.14057,36,18,14,10,14,10,12,444.3347,222.2222,172.4563,122.429,170.4407,120.9336,144.4217,5,6,3,6,6,3,6,61.71316,74.07407,36.95491,73.4574,73.04602,36.28008,72.21085,2,3,6,0,3,5,1,24.68526,37.03704,73.90983,0,36.52301,60.4668,12.03514,0,1,0,1,0,1,0,0,1.234568,0,1.22429,1.217434,1.209336,0,0,0,1,0,1,0,0,0,0,1.23183,0,1.217434,0,0,1196243.59375,4871.17407548303
114,Bayview Village,052,24799,83,107,78,58,59,67,69,402.0149,501.0536,351.9062,254.4083,251.4705,277.7548,278.237,25,13,14,21,9,38,28,121.0888,60.87567,63.16264,92.11334,38.3599,157.5325,112.9078,47,34,33,40,50,37,30,227.647,159.2133,148.8834,175.454,213.1106,153.3869,120.9726,3,5,11,8,5,15,18,14.53066,23.41372,49.62779,35.0908,21.31106,62.1839,72.58357,8,8,5,7,7,12,12,38.74842,37.46195,22.55809,30.70445,29.83548,49.74712,48.38905,0,0,0,0,1,0,1,0,0,0,0,0,0,0.4032421,0,1,0,0,1,1,1,0,0.4682744,0,0,0.4262211,0.4145593,0.4032421,5159044.45458984,9504.07205272724
115,Bedford Park-Nortown,039,26015,59,27,31,52,41,57,51,247.3898,113.3834,129.9246,213.2721,164.4077,223.6785,196.0407,39,39,30,46,50,63,79,163.5289,163.7761,125.7334,188.6638,200.4972,247.2236,303.671,84,67,100,121,101,90,64,352.216,281.3589,419.1115,496.2677,405.0044,353.1766,246.0119,12,7,16,16,13,14,17,50.31657,29.39571,67.05784,65.62218,52.12928,54.93859,65.34692,10,14,7,12,7,18,9,41.93048,58.79142,29.3378,49.21664,28.06961,70.63532,34.59542,0,0,0,0,0,0,0,0,0,0,0,0,0,0,1,0,1,0,0,3,0,0.4193048,0,0.4191115,0,0,1.177255,0,5518148.64550781,12816.8790394661
116,Rockcliffe-Smythe,111,23751,134,136,142,110,132,148,128,583.7508,593.8346,619.087,475.5934,565.4316,628.637,538.9247,45,38,34,50,50,38,61,196.0357,165.9244,148.2321,216.1788,214.1786,161.4068,256.8313,37,38,38,37,24,43,36,161.1849,165.9244,165.6712,159.9723,102.8057,182.6445,151.5726,39,37,61,47,19,9,13,169.8976,161.5579,265.9459,203.2081,81.38788,38.22792,54.73454,7,3,4,10,15,9,4,30.49445,13.09929,17.43907,43.23576,64.25359,38.22792,16.8414,1,2,0,0,0,1,2,0.435634937922021,0.8732862,0,0,0.4283572,0.4247547,0.8420698,3,6,3,1,5,6,5,1.306905,2.619859,1.30793,0.4323576,2.141786,2.548528,2.105175,5070764.84326172,11619.9535423461
117,Bridle Path-Sunnybrook-York Mills,041,10942,17,29,18,26,32,43,45,183.2884,309.1025,189.4737,263.9326,313.1728,406.5041,411.2594,4,11,11,4,9,11,16,43.12669,117.2458,115.7895,40.60501,88.07986,103.9894,146.2256,36,36,50,68,53,53,30,388.1402,383.7135,526.3158,690.2853,518.6925,501.0399,274.1729,1,1,2,1,0,13,8,10.78167,10.65871,21.05263,10.15125,0,122.8966,73.11278,8,2,5,5,4,3,6,86.25337,21.31742,52.63158,50.75627,39.1466,28.36075,54.83458,0,0,0,0,0,0,0,0,0,0,0,0,0,0,0,0,0,1,2,3,3,0,0,0,1.015125,1.95733,2.836075,2.741729,8838191.99023438,15651.2909822713
118,Don Valley Village,047,29406,113,134,137,126,126,143,96,406.5772,482.1184,490.8987,446.0335,439.7599,492.7296,326.464,48,29,27,28,27,22,34,172.7054,104.3391,96.74645,99.11855,94.23426,75.80457,115.6227,80,47,66,32,58,32,30,287.8423,169.1012,236.4913,113.2783,202.4292,110.2612,102.02,48,32,25,19,35,34,23,172.7054,115.1328,89.58005,67.25902,122.1555,117.1525,78.21533,10,6,8,10,11,14,6,35.98028,21.58739,28.66562,35.39948,38.39174,48.23927,20.404,2,0,0,0,0,0,2,0.719605656100457,0,0,0,0,0,0.6801333,0,1,1,1,1,3,0,0,0.3597899,0.3583202,0.3539948,0.3490158,1.033699,0,4212380.63647461,8326.61520187435
119,Weston,113,20037,178,152,183,182,162,193,204,953.5033,817.9519,985.6727,962.3519,839.3782,981.7386,1018.116,55,35,40,42,56,47,78,294.6218,188.3442,215.4476,222.0812,290.1554,239.0762,389.2798,33,54,44,75,38,58,24,176.7731,290.5882,236.9924,396.5736,196.8912,295.0303,119.7784,35,48,43,46,42,26,27,187.4866,258.3006,231.6062,243.2318,217.6166,132.2549,134.7507,5,3,4,3,8,4,10,26.7838,16.14379,21.54476,15.86294,41.45078,20.34691,49.90767,1,0,4,1,1,2,3,0.535676023141204,0,2.154476,0.5287648,1.036269,1.017346,1.49723,5,6,13,8,8,15,5,2.67838,3.228757,7.002047,4.230118,4.145078,7.630093,2.495384,2565537.82250977,10202.3941004885
120,Lawrence Park South,103,16585,14,28,19,22,14,26,28,89.88187,179.7176,121.7558,138.8188,86.98354,159.0895,168.8273,15,27,20,16,31,27,30,96.302,173.2991,128.164,100.9591,192.6064,165.2083,180.8863,68,47,44,47,36,57,58,436.5691,301.6688,281.9609,296.5674,223.672,348.7732,349.7136,3,6,2,5,5,15,12,19.2604,38.51091,12.81641,31.54972,31.06555,91.78242,72.35454,5,3,1,2,2,8,12,32.10067,19.25546,6.408203,12.61989,12.42622,48.95062,72.35454,0,0,0,0,0,0,0,0,0,0,0,0,0,0,0,0,0,0,0,0,0,0,0,0,0,0,0,0,3242276.78198242,9777.67274150127
121,Brookhaven-Amesbury,030,18892,81,97,108,114,98,100,88,441.4409,530.0836,589.2623,617.9532,526.6835,533.4471,465.8056,38,41,30,22,48,36,54,207.0957,224.056,163.684,119.2541,257.9674,192.041,285.8353,23,44,31,32,33,50,33,125.3474,240.4503,169.1401,173.4605,177.3526,266.7236,174.6771,30,17,29,19,20,19,16,163.4966,92.90125,158.2278,102.9922,107.4864,101.355,84.69193,5,8,1,7,11,12,9,27.24944,43.71824,5.456133,37.94449,59.11753,64.01366,47.63921,0,0,0,0,0,0,0,0,0,0,0,0,0,0,1,2,3,7,3,7,0,0.5449888,1.092956,1.63684,3.794449,1.612296,3.73413,0,3507374.22216797,8980.44631815839
122,Long Branch,019,11564,63,67,60,66,57,61,67,615.1743,649.2877,575.7605,617.0531,518.7477,540.876,579.3843,9,15,13,13,11,11,23,87.88204,145.3629,124.7481,121.5408,100.1092,97.53503,198.8931,24,33,28,27,39,29,34,234.3521,319.7984,268.6882,252.4308,354.9326,257.1378,294.0159,14,14,7,13,10,30,16,136.7054,135.6721,67.17206,121.5408,91.00837,266.0046,138.3604,2,4,0,3,3,2,4,19.52934,38.76345,0,28.04787,27.30251,17.73364,34.59011,0,0,0,0,0,0,0,0,0,0,0,0,0,0,0,0,0,3,0,0,0,0,0,0,2.804787,0,0,0,2261879.99609375,7806.77746050755
123,Malvern,132,47548,219,286,279,277,271,333,231,478.6676,629.8172,617.5162,605.5704,584.3414,708.9783,485.8249,24,30,35,55,61,76,63,52.45672,66.06474,77.46619,120.2396,131.5307,161.8089,132.4977,63,43,65,34,64,44,25,137.6989,94.6928,143.8658,74.32994,137.9994,93.67881,52.57845,40,46,64,63,51,43,24,87.42787,101.2993,141.6525,137.729,109.9683,91.54974,50.47531,10,4,8,7,16,9,6,21.85697,8.808633,17.70656,15.30322,34.49986,19.16158,12.61883,0,0,4,2,2,1,1,0,0,0.8853279,0.4372349,0.2156241,0.2129064,0.2103138,4,9,10,10,11,13,15,0.8742787,1.981942,2.21332,2.186175,2.371865,2.767783,3.154707,8866243.62231445,12081.208425323
124,Dufferin Grove,083,12858,83,79,85,82,108,80,79,684.2539,648.0722,692.5772,660.9705,858.9152,628.9308,614.4035,10,9,7,9,16,4,18,82.44023,73.83101,57.03577,72.54554,127.2467,31.44654,139.9907,28,33,26,25,46,44,56,230.8326,270.7137,211.8471,201.5154,365.8343,345.912,435.5265,30,32,19,9,18,29,19,247.3207,262.5103,154.8114,72.54554,143.1525,227.9874,147.7679,8,5,3,3,7,7,4,65.95219,41.01723,24.4439,24.18185,55.67043,55.03145,31.10904,0,0,0,0,0,1,1,0,0,0,0,0.7952919,0.7861635,0.7777259,0,0,2,3,2,0,3,0,0,1.629593,2.418185,1.590584,0,2.333178,1387988.8737793,5148.29461665229
125,Maple Leaf,029,10947,23,31,44,20,32,28,30,220.0746,297.762,422.5487,189.6633,299.4012,258.9955,274.0477,7,17,15,8,13,25,17,66.97923,163.2888,144.0507,75.86534,121.6317,231.246,155.2937,14,13,18,10,7,15,11,133.9585,124.8679,172.8608,94.83167,65.49401,138.7476,100.4842,9,3,8,2,6,4,2,86.11616,28.81568,76.82704,18.96634,56.13773,36.99935,18.26985,0,4,0,2,4,3,2,0,38.4209,0,18.96634,37.42515,27.74951,18.26985,0,0,0,0,0,0,0,0,0,0,0,0,0,0,0,2,0,1,2,0,1,0,1.921045,0,0.9483168,1.871258,0,0.9134923,2526426.71289063,6377.76115574361
126,Markland Wood,012,11146,23,13,25,23,23,16,42,213.5562,120.6833,231.1604,211.106,209.3383,144.6524,376.8168,8,15,13,9,19,9,28,74.28041,139.2499,120.2034,82.6067,172.9316,81.36697,251.2112,52,19,19,13,25,25,12,482.8227,176.3832,175.6819,119.3208,227.5416,226.0193,107.6619,9,3,10,9,4,13,16,83.56546,27.84998,92.46417,82.6067,36.40666,117.5301,143.5493,3,2,2,1,2,3,7,27.85515,18.56665,18.49283,9.178522,18.20333,27.12232,62.8028,0,0,0,0,0,0,0,0,0,0,0,0,0,0,0,0,0,0,1,2,0,0,0,0,0,0.9101666,1.808155,0,2953752.24853516,7846.52451746146
127,Steeles,116,26911,44,35,45,43,31,47,42,172.3328,137.855,177.7181,167.3152,118.6648,177.1913,156.07,19,16,30,31,24,31,28,74.41642,63.01942,118.4787,120.6226,91.86954,116.8709,104.0467,62,59,48,43,62,66,25,242.8325,232.3841,189.566,167.3152,237.3297,248.8219,92.89881,8,9,16,5,9,8,6,31.33323,35.44842,63.18866,19.45525,34.45108,30.16023,22.29572,3,3,2,6,3,5,1,11.74996,11.81614,7.898582,23.3463,11.48369,18.85014,3.715953,0,0,0,0,0,0,0,0,0,0,0,0,0,0,2,0,0,0,1,0,2,0.7833307,0,0,0,0.3827898,0,0.7431905,4561345.45239258,8943.75977865659
128,Lawrence Park North,105,15751,26,26,22,34,21,38,43,173.449,173.5184,146.5397,223.7725,136.4434,243.9807,272.9985,23,22,13,27,39,18,23,153.4356,146.8233,86.59162,177.7017,253.3948,115.5698,146.0225,35,35,27,29,13,23,19,233.489,233.5825,179.8441,190.8648,84.46495,147.6725,120.6273,0,6,4,6,2,7,12,0,40.04271,26.64358,39.48927,12.99461,44.94382,76.18564,4,5,3,6,4,4,1,26.68446,33.36893,19.98268,39.48927,25.98921,25.68218,6.348803,1,0,0,0,0,0,0,0.66711140760507,0,0,0,0,0,0,1,0,0,0,0,0,0,0.6671114,0,0,0,0,0,0,2289800.83496094,6540.18323176072
129,Yonge-Eglinton,100,13183,58,64,67,67,66,92,90,493.9533,535.0276,547.5646,537.7639,519.1536,710.6442,682.6974,9,8,4,2,12,12,18,76.64793,66.87845,32.69042,16.05265,94.39157,92.69273,136.5395,36,24,19,24,25,41,34,306.5917,200.6353,155.2795,192.6318,196.6491,316.7001,257.9079,15,15,14,12,30,12,10,127.7466,125.3971,114.4165,96.31592,235.9789,92.69273,75.85527,5,5,2,4,5,9,7,42.58218,41.79903,16.34521,32.1053,39.32982,69.51955,53.09869,0,1,0,0,0,1,0,0,0.8359806,0,0,0.7865964,0.7724394,0,1,0,0,0,0,1,1,0.8516437,0,0,0,0,0.7724394,0.7585527,1650438.08276367,5686.68472630282
130,Morningside,135,18859,124,138,164,157,131,181,104,686.1823,766.6241,911.0099,861.9743,711.0677,970.0933,551.4608,20,17,14,12,12,8,31,110.6746,94.4392,77.76913,65.88338,65.13597,42.87705,164.3777,30,20,19,16,19,17,18,166.0118,111.1049,105.5438,87.84451,103.132,91.11373,95.44514,16,27,10,19,14,17,7,88.53965,149.9917,55.54939,104.3154,75.99197,91.11373,37.11756,1,1,0,2,2,4,2,5.533728,5.555247,0,10.98056,10.856,21.43852,10.60502,0,1,0,0,1,1,1,0,0.5555247,0,0,0.5427998,0.5359631,0.5302508,2,0,1,1,2,2,7,1.106746,0,0.5554938,0.5490282,1.0856,1.071926,3.711756,5740138.35058594,13214.7096012073
131,Moss Park,073,23905,353,387,457,440,553,640,756,1793.152,1887.161,2132.923,1998.819,2442.04,2750.795,3162.518,25,22,16,22,52,43,40,126.9938,107.2804,74.67563,99.94094,229.6313,184.819,167.329,153,97,129,133,136,235,201,777.2021,473.0092,602.0723,604.1884,600.5741,1010.058,840.8283,121,133,119,93,158,139,130,614.65,648.559,555.4,422.4776,697.7258,597.4383,543.8193,7,14,11,20,36,25,16,35.55827,68.26937,51.33949,90.8554,158.9755,107.4529,66.9316,1,1,3,4,4,3,2,0.507975210809713,0.4876384,1.400168,1.817108,1.324796,1.289435,0.8366451,3,4,8,8,9,3,5,1.523926,1.950553,3.733781,3.634216,3.974387,1.289435,2.091613,1413051.85986328,6204.52629680666
132,Little Portugal,084,17741,78,80,110,88,84,84,80,526.2448,515.0657,676.1325,529.3552,494.0305,483.2863,450.9329,12,11,12,16,12,11,27,80.96073,70.82153,73.75991,96.24639,70.57578,63.2875,152.1898,41,39,40,40,56,58,54,276.6158,251.0945,245.8664,240.616,329.3536,333.6977,304.3797,9,6,9,13,12,9,9,60.72055,38.62992,55.31993,78.2002,70.57578,51.78068,50.72995,5,1,4,2,11,9,6,33.73364,6.438321,24.58664,12.0308,64.69447,51.78068,33.81997,1,2,2,0,1,0,0,0.674672783699906,1.287664,1.229332,0,0,0,0,0,1,0,0,1,2,0,0,0.6438321,0,0,0.5881315,1.150682,0,1216369.31567383,5440.95149842893
133,Woodbine Corridor,064,13484,89,71,78,77,91,89,68,705.2298,556.3828,602.0377,588.73,688.2469,666.6168,504.3014,7,9,9,5,12,8,11,55.46751,70.52739,69.46588,38.22922,90.75783,59.9206,81.57816,32,25,52,30,24,33,34,253.5658,195.9094,401.3584,229.3753,181.5157,247.1725,252.1507,10,15,6,17,24,10,7,79.2393,117.5456,46.31059,129.9794,181.5157,74.90076,51.91338,2,3,6,3,7,4,4,15.84786,23.50913,46.31059,22.93753,52.94207,29.9603,29.66479,0,3,0,0,0,0,0,0,2.350913,0,0,0,0,0,0,2,1,0,0,2,0,0,1.567275,0.7718431,0,0,1.498015,0,1595684.46313477,5428.08792095161
134,Newtonbrook East,050,17742,76,72,91,80,81,81,55,453.0551,432.1729,547.7308,473.7653,471.3413,463.9175,309.9989,14,8,6,11,12,27,37,83.45753,48.01921,36.11412,65.14272,69.82834,154.6392,208.5447,36,50,42,56,64,53,38,214.6051,300.1201,252.7988,331.6357,372.4178,303.551,214.181,7,7,10,17,6,11,15,41.72876,42.01681,60.1902,100.6751,34.91417,63.00114,84.54515,1,6,5,7,4,10,10,5.961252,36.0144,30.0951,41.45446,23.27611,57.27377,56.36343,0,1,1,0,0,0,0,0,0.6002401,0.601902,0,0,0,0,0,0,1,0,0,0,1,0,0,0.601902,0,0,0,0.5636343,4084780.95239258,8094.59270211342
135,Milliken,130,29166,72,95,91,83,74,101,86,260.2002,345.4169,332.3109,298.3894,261.7801,351.4021,294.8639,38,43,35,62,90,86,70,137.3279,156.3466,127.8119,222.8933,318.3812,299.2137,240.0055,103,117,67,113,120,132,60,372.2309,425.4081,244.6684,406.241,424.5083,459.2582,205.719,42,40,42,31,20,39,34,151.7835,145.4387,153.3742,111.4466,70.75138,135.6899,116.5741,16,14,10,20,18,23,12,57.82227,50.90354,36.51767,71.90106,63.67624,80.02227,41.1438,1,0,0,0,0,1,0,0.361389180007951,0,0,0,0.3537569,0.3479229,0,0,2,1,0,2,1,1,0,0.7271934,0.3651767,0,0.7075138,0.3479229,0.342865,9477859.27905273,16781.4772365817
136,Pleasant View,046,16856,34,45,56,54,46,51,41,207.0141,275.5158,343.8325,328.7271,277.6269,304.8963,243.2368,12,7,8,17,13,24,29,73.06381,42.85802,49.11893,103.4882,78.45978,143.4806,172.0456,18,18,32,11,33,12,19,109.5957,110.2063,196.4757,66.96293,199.1671,71.7403,112.7195,9,17,15,6,10,17,10,54.79786,104.0838,92.09799,36.52523,60.35367,101.6321,59.32606,2,5,3,4,5,4,6,12.1773,30.61287,18.4196,24.35015,30.17684,23.91343,35.59563,1,0,0,0,0,0,1,0.608865075499269,0,0,0,0,0,0.5932606,0,3,1,1,1,0,2,0,1.836772,0.6139866,0.6087539,0.6035367,0,1.186521,2967493.11083984,7944.82978178263
137,Wychwood,094,16037,54,72,80,54,74,69,85,368.4749,489.463,540.5771,357.7107,479.6474,438.6523,530.0243,5,15,18,13,20,9,26,34.11805,101.9715,121.6298,86.11552,129.6344,57.21551,162.1251,32,29,30,38,30,49,45,218.3555,197.1448,202.7164,251.7223,194.4516,311.5067,280.6011,15,12,9,17,20,11,19,102.3541,81.57716,60.81492,112.6126,129.6344,69.93007,118.476,3,1,4,4,3,0,1,20.47083,6.798097,27.02885,26.49709,19.44516,0,6.23558,0,0,0,0,1,1,1,0,0,0,0,0.6481721,0.6357279,0.623558,0,1,0,0,1,1,2,0,0.6798096,0,0,0.6481721,0.6357279,1.247116,1682110.93334961,5435.02206192671
138,Leaside-Bennington,056,18627,41,30,38,38,36,32,29,236.3249,173.5509,220.0985,215.8846,200.5795,174.959,155.688,10,14,4,4,41,31,42,57.64021,80.99039,23.16826,22.72469,228.4377,169.4915,225.4791,39,30,33,28,34,45,39,224.7968,173.5509,191.1381,159.0728,189.4361,246.0361,209.3735,6,12,9,12,8,2,7,34.58413,69.42034,52.12858,68.17407,44.57321,10.93494,37.57986,9,5,3,4,3,7,7,51.87619,28.92514,17.37619,22.72469,16.71495,38.27228,37.57986,0,0,0,0,0,0,0,0,0,0,0,0,0,0,0,0,0,0,0,0,0,0,0,0,0,0,0,0,4784766.4609375,14836.6185416003
139,Briar Hill-Belgravia,108,15448,79,91,80,75,91,81,86,535.7021,618.2065,543.3675,503.3895,603.0883,530.2783,556.7064,17,15,19,14,38,21,37,115.2777,101.9022,129.0498,93.96604,251.8391,137.4795,239.5132,43,29,31,31,33,49,46,291.5847,197.0109,210.5549,208.0677,218.7024,320.7856,297.7732,24,13,27,23,25,30,10,162.745,88.31522,183.3865,154.3728,165.6836,196.3993,64.7333,9,3,4,4,4,6,8,61.02936,20.38043,27.16838,26.84744,26.50938,39.27987,51.78664,1,0,0,1,0,0,0,0.678104021156845,0,0,0.671186,0,0,0,1,0,1,5,2,2,1,0.678104,0,0.6792094,3.35593,1.325469,1.309329,0.647333,1830325.19726563,6289.70724957753
140,Mimico (includes Humber Bay Shores) ,017,38739,208,206,242,339,487,324,286,647.9146,613.3143,687.0511,940.5172,1317.997,856.2594,738.2741,33,34,34,40,22,62,52,102.7941,101.2266,96.52784,110.9755,59.53992,163.8521,134.2317,56,66,49,58,50,80,53,174.4385,196.4987,139.1136,160.9144,135.318,211.4221,136.813,10,24,11,23,29,17,11,31.14974,71.45409,31.2296,63.8109,78.48444,44.92719,28.39516,10,15,17,14,12,19,19,31.14974,44.65881,48.26392,38.84142,32.47632,50.21274,49.04618,0,1,1,1,0,1,1,0,0.2977254,0.2839054,0.2774387,0.270636,0.2642776,0.2581378,0,3,1,1,1,3,2,0,0.8931761,0.2839054,0.2774387,0.270636,0.7928328,0.5162756,7059172.10717773,23377.9559815099
